"","Indnum","Com_1","Com_2","Com_3","Com_4","Com_5","Com_6","Com_7","Com_8","Com_9","Com_10","Com_11","Com_12","Com_13","Com_14","Com_15","Com_16","Com_17","Com_18","Com_19","Com_20","Com_21","Com_22","Com_23","Com_24","Com_25","Com_26","Com_27"
"1",1,7,5,4,10,42,15,0,22,0,2,2,4,5,2,0,64,2747,0,449,19,15,23,26,0,3,0,2
"2",2,8,1,4,45,35,7,0,22,0,4,2,4,4,2,0,63,2524,0,267,10,26,18,17,0,0,0,0
"3",3,3,1,2,48,49,20,0,23,0,3,2,5,5,2,0,64,2653,0,258,18,35,20,22,0,0,0,0
"4",4,12,2,6,9,28,6,0,18,0,3,1,5,6,2,0,59,3419,0,344,14,0,18,27,0,0,0,0
"5",5,13,5,7,42,34,5,0,23,0,4,1,6,6,1,0,64,3113,0,377,8,23,29,17,0,0,0,2
"6",6,7,2,4,7,37,13,0,16,5,2,1,5,6,2,89,59,2021,0,270,11,0,21,22,0,0,0,1
"7",7,5,1,3,10,32,12,0,19,0,3,2,20,5,1,0,63,3016,0,295,20,17,18,18,0,0,0,0
"8",8,7,3,4,45,36,8,0,25,0,3,2,5,5,1,0,60,2895,0,366,19,15,21,20,0,0,0,2
"9",9,7,3,4,10,45,18,0,26,0,4,1,4,4,2,0,64,3406,0,303,12,30,29,23,0,0,0,1
"10",10,11,5,6,16,37,10,0,24,0,2,2,4,4,1,0,58,2949,0,357,10,0,21,28,0,0,0,0
"11",11,11,3,6,14,40,19,0,20,0,2,2,4,5,2,0,64,2918,0,459,8,18,18,25,0,0,0,0
"12",12,7,5,4,13,40,10,0,25,0,4,1,5,5,1,0,61,3084,0,433,10,0,18,21,0,2,0,0
"13",13,5,5,3,11,24,6,0,17,0,2,2,5,6,2,0,63,3034,0,273,10,0,21,17,0,0,0,2
"14",14,7,3,4,11,35,15,0,17,0,2,1,6,6,1,0,61,2447,0,460,20,0,24,23,0,0,0,1
"15",15,10,2,5,16,44,14,0,27,0,2,2,4,5,1,0,63,3180,0,279,6,0,23,26,0,0,0,0
"16",16,7,3,4,14,42,14,0,22,0,2,2,5,6,2,0,60,2003,0,450,7,27,23,21,0,0,0,2
"17",17,12,3,7,14,40,8,0,25,0,3,2,5,6,1,0,62,3972,0,423,10,0,18,22,0,0,3,2
"18",18,14,5,8,87,42,12,4,19,0,4,1,6,6,2,0,61,2382,0,360,19,0,18,22,0,7,0,2
"19",19,5,2,3,9,44,19,0,22,0,2,2,4,4,1,78,58,2501,0,291,16,45,29,23,0,0,0,2
"20",20,2,1,1,7,52,19,3,26,0,1,1,5,6,1,80,64,2459,0,272,7,35,27,28,0,0,0,0
"21",21,7,1,4,54,38,19,0,18,0,4,2,5,5,2,0,62,3515,0,319,13,0,24,20,0,0,0,0
"22",22,9,4,5,12,27,7,0,17,0,3,1,5,6,2,0,63,3300,0,412,16,0,24,18,0,8,0,2
"23",23,5,3,3,57,31,6,0,21,0,3,2,5,5,2,0,58,2351,0,319,9,0,26,21,0,8,0,1
"24",24,3,1,2,16,49,19,0,26,6,3,2,5,5,2,0,60,3779,0,433,11,18,26,23,0,0,0,1
"25",25,6,5,3,14,43,13,0,25,0,3,2,5,6,2,0,61,2060,0,267,8,0,21,22,0,0,0,2
"26",26,8,4,4,12,35,11,0,21,0,4,1,5,6,1,0,60,2221,0,448,17,21,29,17,0,0,0,0
"27",27,7,2,4,8,31,13,0,17,0,1,1,6,6,1,0,59,3006,313,425,11,45,26,17,0,8,0,0
"28",28,8,5,4,8,33,6,3,18,0,4,2,6,6,1,0,61,3820,0,312,12,36,27,25,0,2,0,2
"29",29,8,4,4,11,40,17,2,18,0,1,1,5,6,1,0,61,2291,0,271,20,45,29,19,0,0,0,2
"30",30,7,2,4,10,32,5,0,25,0,3,1,6,6,1,0,58,2738,0,302,17,17,20,18,0,0,0,1
"31",31,3,2,2,13,30,5,0,20,0,5,2,5,6,2,0,60,3105,0,461,14,0,20,20,0,0,0,2
"32",32,11,4,6,81,39,16,0,22,0,12,2,4,4,2,0,58,3858,235,296,20,0,18,26,0,0,0,0
"33",33,13,5,7,15,42,19,0,21,0,2,2,4,5,1,0,58,3246,0,370,16,20,23,21,0,6,0,2
"34",34,13,3,7,14,32,11,0,17,0,4,1,5,6,1,0,58,3364,0,431,16,42,27,23,0,0,0,1
"35",35,8,3,5,12,32,6,0,22,0,2,2,12,6,2,81,62,2067,0,435,16,44,20,20,0,0,0,0
"36",36,5,4,3,15,40,20,1,18,0,3,2,4,4,1,78,61,2024,0,284,20,0,20,22,0,0,0,0
"37",37,9,1,5,7,50,19,0,26,0,4,1,4,5,1,0,64,3617,0,261,5,0,24,28,0,7,3,2
"38",38,9,4,5,75,41,10,0,28,0,1,1,6,6,2,0,63,3355,0,436,6,0,27,19,0,0,0,1
"39",39,13,4,7,66,46,20,0,26,0,2,2,4,4,1,0,59,3450,0,335,12,0,20,17,0,4,0,0
"40",40,7,5,4,14,48,15,0,27,0,2,1,4,5,1,0,62,3410,0,296,18,0,21,25,0,4,0,2
"41",41,11,5,6,8,36,13,0,19,0,4,2,5,5,1,0,62,3153,0,293,14,0,24,17,0,0,0,2
"42",42,14,5,7,11,34,15,0,17,0,2,1,5,6,2,0,63,2785,0,359,11,17,21,23,0,0,0,1
"43",43,3,1,2,14,43,15,0,27,0,2,2,5,5,2,0,63,3314,0,338,8,0,26,18,0,0,0,2
"44",44,6,2,3,12,28,7,0,19,7,2,2,4,5,2,75,63,3010,0,311,20,0,23,23,0,0,0,2
"45",45,11,2,6,14,38,7,0,27,0,4,2,4,5,2,0,61,3082,0,289,12,0,21,28,0,0,0,2
"46",46,11,5,6,39,39,7,0,27,0,9,1,5,6,1,0,58,3444,0,357,5,0,21,20,0,0,0,0
"47",47,10,1,5,12,47,20,3,17,0,4,1,4,4,2,0,63,2057,0,446,13,29,27,17,0,0,2,0
"48",48,11,3,6,45,44,20,0,21,0,2,2,4,5,1,0,60,3218,0,351,13,0,26,26,0,0,0,1
"49",49,7,3,4,16,39,10,0,22,0,3,2,6,6,2,0,64,2506,0,278,16,0,18,23,0,0,0,0
"50",50,6,5,4,7,41,15,0,23,0,2,2,5,6,2,0,62,2212,0,437,9,27,23,27,0,0,0,2
"51",51,10,2,5,8,39,8,0,25,0,3,1,5,5,2,0,58,3414,0,349,10,15,23,20,0,6,0,1
"52",52,3,2,2,13,33,10,0,22,0,2,1,5,6,1,0,64,4136,343,417,15,0,21,18,0,4,0,1
"53",53,11,2,6,12,41,9,0,26,0,2,2,5,6,1,0,60,2304,0,336,12,0,27,19,0,0,0,0
"54",54,12,5,7,57,41,18,0,18,0,2,2,4,4,1,0,61,3621,0,262,11,0,29,22,0,0,0,1
"55",55,6,2,4,8,37,8,0,25,0,1,1,6,6,2,0,59,3663,0,381,8,0,24,21,0,0,0,0
"56",56,3,2,2,6,35,9,0,24,0,3,1,5,5,2,92,63,3217,0,326,13,29,29,22,0,0,0,0
"57",57,9,3,5,13,41,13,0,26,0,3,1,5,5,2,0,62,2111,0,344,8,36,18,17,0,0,0,0
"58",58,12,3,6,96,51,18,0,28,0,3,1,6,6,1,0,61,2899,0,344,20,0,18,18,0,5,0,2
"59",59,13,4,7,7,45,13,0,28,0,2,1,4,5,1,0,64,3361,0,385,8,0,18,24,0,0,0,1
"60",60,13,4,7,48,47,13,0,26,0,1,1,5,6,2,90,63,3101,0,416,7,18,29,21,0,0,0,0
"61",61,7,1,4,12,30,11,0,17,0,2,2,6,6,2,0,61,3243,0,415,14,42,23,18,0,0,0,0
"62",62,12,5,7,10,37,20,0,17,0,2,2,4,4,1,0,59,2507,0,410,20,0,26,27,7,0,2,1
"63",63,9,5,5,16,41,20,0,18,0,4,1,4,5,1,0,62,2570,0,317,16,24,18,28,0,7,0,0
"64",64,7,4,4,48,30,10,0,17,0,2,1,5,5,1,0,63,2236,0,343,15,38,29,21,0,0,0,2
"65",65,11,2,6,78,47,12,2,27,0,1,1,4,5,2,0,63,3722,0,389,6,0,23,21,0,0,0,0
"66",66,9,5,5,10,36,10,0,20,0,2,2,4,4,2,92,59,3901,0,460,15,0,27,25,0,3,0,2
"67",67,13,4,7,16,41,12,0,25,0,3,3,5,5,1,0,62,2894,0,429,18,39,26,27,0,0,0,0
"68",68,10,3,5,14,46,17,0,25,0,3,2,5,5,2,0,63,3392,0,372,13,45,20,25,0,0,0,1
"69",69,4,2,2,8,33,8,0,20,0,3,2,5,5,1,0,60,2908,0,359,16,0,24,23,0,0,0,2
"70",70,1,1,1,60,29,7,0,16,0,4,2,5,6,1,0,62,2500,0,366,20,0,18,28,0,0,0,0
"71",71,3,2,2,8,49,15,0,27,0,2,1,4,5,2,0,62,2328,0,310,8,0,29,22,0,0,0,2
"72",72,5,1,3,10,33,13,0,17,0,1,1,6,6,2,0,61,3202,0,384,10,0,24,18,0,0,0,2
"73",73,3,2,2,12,38,13,0,21,0,3,2,5,6,1,0,64,2624,0,344,12,26,18,22,0,2,0,2
"74",74,10,1,5,39,33,9,0,23,0,4,2,13,6,1,0,60,3447,0,349,16,0,21,27,0,5,0,0
"75",75,9,5,5,12,49,19,0,24,0,1,1,4,4,1,0,60,2912,0,279,19,38,18,19,0,0,0,1
"76",76,10,3,6,10,41,16,0,19,0,1,1,4,4,2,0,58,3688,0,470,20,0,18,28,0,0,0,2
"77",77,2,2,1,6,37,15,0,21,0,4,1,4,4,1,0,63,3449,0,289,12,45,20,18,0,8,2,1
"78",78,9,1,5,11,31,7,0,18,0,2,1,5,6,2,0,59,3987,0,326,11,0,29,18,0,0,0,2
"79",79,6,4,3,10,46,14,0,26,8,2,1,5,5,1,0,62,3075,0,323,19,38,27,21,0,0,0,1
"80",80,9,5,5,9,26,6,0,17,0,4,2,5,5,2,0,60,3711,0,291,18,0,20,20,0,0,0,2
"81",81,4,4,2,9,43,14,0,22,0,4,2,5,6,1,0,61,3613,0,424,6,42,27,22,0,0,0,2
"82",82,5,2,3,14,41,12,0,23,0,3,2,4,5,2,0,62,2439,0,339,12,30,20,27,0,6,0,2
"83",83,9,5,5,66,41,11,2,26,0,4,1,5,5,2,0,59,2422,0,343,14,0,27,19,0,0,1,0
"84",84,5,2,3,45,36,9,0,24,0,3,1,5,5,2,92,62,3592,0,326,12,39,23,21,0,0,0,2
"85",85,9,3,5,8,41,15,0,23,0,4,1,5,6,1,0,63,2862,0,391,14,27,29,17,0,0,0,0
"86",86,5,1,3,72,36,10,0,25,0,2,1,4,5,1,0,61,2289,0,398,5,27,21,27,0,0,0,1
"87",87,9,4,5,6,30,5,0,20,0,4,1,4,4,2,0,64,3005,0,431,16,0,27,22,0,0,0,0
"88",88,5,3,3,8,42,14,0,24,0,4,2,5,6,2,0,60,2529,0,418,17,0,18,24,0,0,0,0
"89",89,5,2,3,11,41,19,0,21,0,11,2,5,5,1,0,61,3180,0,469,14,0,18,18,0,0,0,1
"90",90,11,2,6,7,44,17,0,19,0,3,2,5,5,1,0,61,2036,0,445,20,0,23,25,4,0,0,0
"91",91,8,3,4,7,41,17,0,18,0,3,1,5,6,1,0,63,3041,0,385,16,26,27,22,0,0,0,1
"92",92,8,2,4,13,41,14,0,20,0,3,2,4,5,2,0,60,2241,0,382,11,27,27,25,0,0,0,0
"93",93,8,1,4,8,39,6,0,26,0,3,3,4,5,1,0,64,2166,0,367,10,0,29,25,0,0,1,0
"94",94,5,1,3,13,33,13,0,18,0,2,1,6,6,1,0,63,3130,0,357,11,0,26,18,0,0,0,0
"95",95,6,5,4,78,43,13,0,27,0,2,2,5,5,1,0,59,3758,0,278,6,0,21,27,0,0,0,2
"96",96,12,2,7,15,49,14,0,28,10,4,1,5,5,1,0,58,2492,0,319,15,0,18,28,0,3,0,0
"97",97,11,2,6,45,30,10,0,18,0,2,1,4,5,1,0,63,2347,0,419,10,0,26,23,0,0,0,1
"98",98,4,2,3,10,38,7,0,27,0,2,1,4,5,2,0,59,3615,0,323,9,0,27,23,0,8,0,1
"99",99,4,1,2,72,42,18,0,21,0,2,2,4,4,2,0,63,3163,0,438,7,0,18,20,0,3,1,2
"100",100,6,2,3,45,45,14,0,24,0,3,1,6,6,2,0,62,3749,246,306,13,0,20,17,0,0,0,2
"101",101,10,5,5,8,36,15,0,21,0,3,2,4,5,1,0,62,3945,0,354,14,17,29,27,0,0,0,0
"102",102,11,5,6,7,47,18,0,25,5,2,2,6,6,1,0,59,2280,0,380,16,45,23,27,0,0,0,1
"103",103,6,1,4,51,53,19,0,27,0,4,1,6,6,1,0,59,2357,0,377,12,0,23,27,0,0,0,2
"104",104,7,5,4,8,33,9,0,22,0,2,2,5,6,1,0,63,3935,305,340,20,0,29,24,0,0,0,0
"105",105,7,3,4,13,33,7,0,22,0,3,1,6,6,1,0,64,3328,0,298,11,41,21,18,0,0,0,0
"106",106,2,2,1,54,31,6,0,20,0,2,2,5,5,2,0,64,2332,0,393,17,0,26,27,0,7,0,0
"107",107,7,3,4,66,31,10,0,19,0,2,2,4,5,1,0,58,2545,0,330,6,0,23,25,0,0,0,1
"108",108,8,4,4,84,38,18,0,17,0,3,2,5,5,2,0,59,2298,0,373,19,36,21,22,0,0,0,2
"109",109,13,5,7,9,34,14,0,18,0,3,1,4,5,2,0,62,3859,0,467,18,0,21,20,0,0,1,0
"110",110,5,3,3,6,51,20,0,24,0,4,2,4,4,1,0,64,3803,0,412,8,0,27,19,7,0,0,0
"111",111,6,1,3,48,46,18,0,21,0,4,2,4,5,1,0,64,2887,0,281,19,44,21,24,0,0,0,2
"112",112,5,3,3,16,38,14,0,23,0,3,1,5,6,1,0,64,2725,0,344,12,0,18,27,0,0,0,1
"113",113,11,1,6,72,28,6,0,17,0,3,2,4,4,1,75,62,2461,0,347,14,0,24,17,0,0,0,0
"114",114,13,5,7,57,34,11,0,18,0,3,3,6,6,1,89,61,3475,0,331,10,29,29,27,0,0,0,2
"115",115,13,5,7,96,37,16,0,20,0,4,2,5,6,2,0,59,3779,0,364,17,27,18,22,0,0,0,0
"116",116,7,1,4,78,40,10,0,23,0,2,2,5,6,2,0,63,2711,0,342,17,32,20,22,0,0,0,2
"117",117,7,4,4,72,47,17,0,24,0,4,2,6,6,2,0,62,3356,0,268,19,0,29,28,0,0,0,1
"118",118,4,2,2,90,44,12,0,26,0,2,2,6,6,2,0,62,2043,0,395,7,0,18,27,0,0,0,0
"119",119,14,4,7,15,44,16,0,23,0,2,2,4,5,2,0,61,3270,0,310,9,0,29,26,0,0,0,2
"120",120,9,3,5,10,39,17,0,20,0,4,4,5,6,2,0,64,2367,0,430,14,0,18,26,0,0,0,0
"121",121,9,2,5,6,38,13,0,21,0,4,2,4,4,2,0,61,2520,0,261,5,23,18,25,0,0,0,2
"122",122,6,1,3,16,41,10,0,27,0,3,1,4,5,2,0,58,3130,0,385,10,0,23,22,0,0,0,0
"123",123,14,5,8,6,42,18,0,22,0,3,2,5,6,2,0,62,3841,0,387,17,0,21,28,0,0,0,2
"124",124,13,3,7,93,39,10,0,23,0,4,1,5,5,2,0,59,3251,0,307,6,0,27,18,0,0,0,1
"125",125,6,5,3,81,30,8,0,18,0,2,2,5,6,1,0,64,3442,0,328,15,0,27,19,0,0,0,2
"126",126,14,5,7,81,48,20,0,23,0,3,2,5,5,2,0,61,3821,0,380,7,41,29,22,0,0,0,0
"127",127,8,3,4,7,37,16,0,16,0,2,2,4,4,2,0,58,3583,0,316,9,23,20,17,0,0,0,0
"128",128,6,5,3,7,35,7,0,24,0,2,2,5,5,2,0,64,2530,0,378,20,0,26,27,0,0,1,2
"129",129,13,4,7,60,39,10,0,27,0,3,3,6,6,2,0,64,2271,0,435,20,32,24,28,0,0,0,0
"130",130,4,2,2,39,32,10,4,16,9,3,2,6,6,1,0,64,2075,0,274,12,0,21,21,0,0,0,2
"131",131,10,2,6,14,45,10,2,26,0,3,2,5,5,2,0,59,3059,0,387,20,0,21,25,0,0,0,2
"132",132,5,1,3,84,51,20,0,27,0,4,2,4,5,1,0,59,2658,0,381,10,17,27,20,0,2,0,0
"133",133,11,5,6,7,30,11,0,17,0,3,1,6,6,2,0,62,2263,0,350,15,0,27,22,0,0,0,1
"134",134,12,2,6,11,32,14,0,17,0,3,2,4,5,2,93,60,2610,0,316,6,0,26,19,0,0,0,1
"135",135,9,3,5,96,41,16,0,20,8,2,2,4,5,2,0,58,2613,0,421,13,0,27,17,0,0,0,1
"136",136,8,2,4,75,48,19,0,28,0,2,2,6,6,1,0,64,3714,0,283,17,35,20,21,0,0,0,0
"137",137,11,3,6,90,49,18,0,28,0,3,2,4,4,2,0,61,2986,0,255,15,30,29,17,0,0,0,1
"138",138,7,2,4,15,44,19,0,24,0,3,2,6,6,2,0,62,3646,0,301,16,0,18,20,0,0,0,1
"139",139,10,5,6,11,37,10,0,20,0,3,2,5,5,1,0,64,2937,0,267,17,35,20,20,0,0,0,0
"140",140,7,5,4,69,38,14,0,22,0,1,1,5,6,1,0,62,2807,0,288,9,30,18,22,0,0,0,2
"141",141,10,4,5,10,40,18,0,16,0,2,2,5,6,2,0,62,2159,0,375,9,0,29,22,0,0,0,1
"142",142,11,5,6,69,25,7,0,16,0,2,1,4,4,1,0,60,3255,0,447,20,0,21,28,0,0,0,0
"143",143,8,2,4,12,38,9,0,26,0,4,2,6,6,1,0,64,3045,0,427,6,0,18,23,0,0,0,1
"144",144,6,4,4,84,47,15,0,25,0,3,1,5,5,1,0,64,3972,0,337,12,30,20,27,0,0,0,2
"145",145,14,4,7,9,37,11,0,21,0,2,2,6,6,2,0,59,2944,0,373,18,0,29,20,0,0,0,0
"146",146,12,2,6,12,34,10,0,22,9,3,2,5,5,1,0,63,3270,0,401,11,21,21,28,0,0,0,0
"147",147,5,1,3,72,39,6,0,27,0,3,3,6,6,1,0,63,3400,200,373,15,0,29,19,0,0,0,0
"148",148,6,2,4,96,42,15,0,26,0,2,2,6,6,2,0,60,4022,308,410,11,0,18,19,0,0,0,2
"149",149,13,5,7,87,44,10,0,27,0,3,3,4,5,2,0,60,3197,0,423,19,0,18,19,0,0,0,2
"150",150,6,3,3,93,36,15,0,20,0,3,2,5,5,1,0,60,3340,0,270,9,0,26,26,0,2,0,1
"151",151,4,2,2,6,31,9,0,20,0,1,1,6,6,1,0,60,2503,0,380,14,0,20,26,0,0,0,1
"152",152,2,1,1,72,36,14,0,18,0,4,4,5,6,1,0,60,3377,0,372,5,0,26,25,0,0,0,2
"153",153,8,3,4,15,39,16,0,16,0,2,2,4,4,2,0,63,3323,0,371,5,21,21,27,0,0,0,1
"154",154,10,5,6,78,48,17,0,27,0,4,1,4,5,1,0,64,3924,0,321,8,15,23,17,0,6,0,2
"155",155,7,2,4,7,35,8,0,26,0,4,1,4,5,2,0,63,3128,0,385,10,41,20,24,0,0,2,1
"156",156,4,1,2,6,38,11,0,24,0,4,4,6,6,1,0,61,2990,0,321,18,0,26,26,0,0,0,1
"157",157,8,1,4,11,38,16,0,18,0,4,1,4,4,2,0,58,2591,0,385,17,33,18,28,0,0,0,1
"158",158,11,4,6,10,38,11,0,27,0,1,1,5,6,1,0,59,4195,334,466,15,0,29,28,0,0,0,2
"159",159,6,5,4,8,30,7,2,17,0,3,2,4,5,1,0,64,3654,0,301,13,42,24,19,0,0,0,1
"160",160,5,3,3,10,35,12,0,17,0,3,3,5,6,2,0,60,3589,0,259,8,0,26,27,0,0,0,1
"161",161,5,3,3,13,51,19,0,27,0,3,1,5,6,1,84,63,2635,0,306,7,0,26,23,0,0,0,2
"162",162,3,1,2,10,37,14,0,17,0,2,2,5,6,2,0,60,2882,0,374,17,15,20,25,0,0,0,0
"163",163,11,3,6,8,38,16,0,19,0,3,1,4,4,1,92,64,2844,0,296,11,0,21,19,0,0,0,1
"164",164,10,3,5,11,29,6,0,20,0,3,2,5,5,2,0,62,3350,0,279,8,0,27,24,0,0,0,2
"165",165,6,2,3,15,37,14,0,22,0,2,1,6,6,2,0,64,3654,0,436,10,0,18,22,0,0,0,0
"166",166,9,4,5,72,40,9,0,24,0,6,2,6,6,1,0,58,3808,0,398,14,44,21,19,0,0,0,2
"167",167,15,5,8,7,42,18,0,22,0,2,1,5,5,1,0,64,2968,0,284,18,36,21,20,0,0,0,1
"168",168,10,3,5,6,50,19,0,24,0,4,4,5,5,2,0,62,3856,0,265,19,21,27,20,0,0,0,2
"169",169,8,5,4,10,32,11,0,16,0,4,1,5,5,1,0,64,2339,0,407,17,0,20,25,0,4,0,0
"170",170,11,5,6,84,34,7,0,23,0,3,1,4,4,2,0,64,3317,0,308,11,17,24,23,0,0,0,0
"171",171,12,4,6,7,34,6,0,22,0,2,2,6,6,1,0,64,3284,0,446,20,32,21,20,0,0,0,2
"172",172,7,3,4,13,44,9,2,28,0,4,2,5,5,1,0,59,3463,0,463,12,0,23,25,0,0,0,0
"173",173,8,3,4,54,28,5,0,18,0,3,1,6,6,2,0,63,2998,0,422,20,0,21,23,0,0,0,1
"174",174,10,4,5,8,37,14,0,19,0,2,1,5,5,1,0,61,2152,0,390,20,0,27,26,0,0,0,0
"175",175,3,1,2,63,42,20,0,19,0,2,2,5,5,2,0,59,2211,0,342,6,0,20,25,0,0,0,1
"176",176,13,4,7,16,44,20,0,17,0,2,2,5,5,2,0,59,3788,0,270,14,26,23,22,0,0,0,1
"177",177,3,2,2,63,37,13,0,17,0,2,1,5,5,1,0,64,3574,0,385,20,0,27,24,0,2,0,0
"178",178,10,2,6,54,38,17,0,20,0,4,2,6,6,2,0,62,2444,0,452,15,0,20,25,0,0,0,1
"179",179,5,2,3,13,46,19,0,25,0,3,2,5,5,2,0,60,3118,0,384,11,0,23,19,0,0,0,0
"180",180,7,4,4,81,48,14,0,26,0,2,1,5,6,2,0,60,2787,0,442,6,35,27,18,0,0,0,2
"181",181,3,2,2,11,41,13,0,24,0,4,1,4,5,1,0,63,2565,0,309,12,15,21,17,0,0,0,1
"182",182,8,4,5,14,27,5,0,18,0,3,2,6,6,1,86,61,3265,0,389,10,41,24,28,0,0,0,2
"183",183,9,3,5,69,34,6,0,24,0,4,2,5,5,2,0,62,2255,0,289,16,29,23,24,0,0,2,2
"184",184,9,5,5,8,39,11,0,27,0,2,2,5,5,1,0,62,3789,0,294,9,0,26,23,0,0,0,2
"185",185,13,4,7,10,42,12,3,26,0,3,1,6,6,2,0,58,3113,0,304,16,0,21,24,0,0,0,2
"186",186,5,5,3,13,33,8,0,24,0,12,1,4,4,2,0,59,3598,0,454,7,18,21,21,0,0,0,2
"187",187,10,5,5,13,41,12,0,28,0,1,1,5,5,1,0,59,2112,0,290,13,0,20,20,0,5,0,0
"188",188,6,3,3,9,40,19,0,19,0,3,2,4,4,1,0,60,2267,0,374,7,0,21,24,0,2,0,2
"189",189,10,1,6,15,43,15,0,24,0,2,2,4,5,2,0,63,2769,0,323,11,0,24,23,0,2,0,0
"190",190,4,3,3,14,42,9,0,27,0,1,1,6,6,2,0,59,2270,0,380,6,0,21,21,0,0,0,0
"191",191,12,4,7,39,34,10,0,17,0,4,2,5,5,2,0,63,2261,0,310,13,0,27,17,0,0,0,0
"192",192,11,3,6,6,37,8,0,25,0,2,2,5,5,1,0,61,3874,0,279,13,0,18,25,0,0,0,0
"193",193,5,3,3,7,37,14,0,22,0,2,1,4,5,2,0,64,3024,0,319,16,30,23,17,0,0,0,0
"194",194,6,3,3,10,40,11,0,25,0,2,2,4,4,2,0,59,3385,0,437,5,0,18,23,0,0,0,1
"195",195,12,4,7,36,41,17,0,18,0,4,4,5,5,2,0,63,3881,0,372,11,17,26,28,0,2,1,0
"196",196,8,2,4,13,38,14,0,24,0,4,2,4,4,2,0,63,3496,321,296,16,0,18,24,0,0,0,2
"197",197,11,3,6,14,35,9,0,19,0,4,2,5,6,1,0,59,3670,0,459,19,0,20,21,0,0,0,1
"198",198,5,4,3,7,31,12,0,16,0,2,1,5,5,1,0,59,2493,0,334,18,0,20,28,0,0,0,1
"199",199,5,4,3,75,45,15,0,26,0,2,1,4,5,2,0,59,2613,0,335,17,0,20,18,0,0,0,1
"200",200,13,3,7,15,41,13,0,25,0,3,2,4,4,2,0,60,2728,0,279,8,0,26,25,0,0,0,2
"201",201,7,2,4,66,41,9,0,27,0,4,2,5,6,1,0,63,2729,0,278,20,39,20,17,0,0,0,1
"202",202,6,3,3,10,35,8,0,22,0,3,2,5,5,1,0,62,2385,0,314,20,0,18,21,0,0,0,0
"203",203,7,5,4,8,34,12,0,18,0,3,3,5,5,2,0,58,2008,0,429,12,24,26,17,0,6,0,2
"204",204,9,2,5,6,48,14,0,27,0,2,2,6,6,2,0,59,2921,0,457,12,0,21,26,0,0,0,0
"205",205,4,1,3,54,54,19,3,27,0,2,2,4,4,2,0,62,3058,0,427,14,36,27,27,3,0,0,0
"206",206,9,5,5,9,36,6,0,26,0,2,2,6,6,1,0,63,2702,0,370,16,0,27,19,0,0,0,0
"207",207,13,4,7,72,44,19,0,18,0,3,1,4,5,2,0,62,2865,0,341,7,0,27,28,0,3,0,1
"208",208,7,4,4,11,37,13,0,19,0,4,2,5,6,2,0,58,3585,0,440,17,0,18,19,0,0,0,1
"209",209,10,4,5,14,43,16,0,20,0,3,2,4,5,1,0,64,3155,0,396,15,0,18,21,8,0,0,0
"210",210,7,3,4,93,36,15,0,18,0,2,2,5,6,2,0,61,3223,0,354,16,0,23,17,0,0,0,1
"211",211,2,1,1,7,55,20,2,26,0,2,2,6,6,2,0,61,2213,0,452,11,29,20,23,0,0,0,0
"212",212,5,5,3,13,34,10,0,21,0,4,2,6,6,1,0,60,2523,0,371,6,0,23,27,0,0,0,1
"213",213,10,5,5,16,44,15,0,26,0,4,1,5,6,1,0,64,3810,0,300,15,0,24,27,6,3,0,2
"214",214,0,0,0,0,25,7,0,18,0,3,2,5,6,2,0,63,2950,0,384,17,0,27,22,0,0,0,0
"215",215,8,4,4,96,33,7,1,22,0,1,1,6,6,2,0,61,2735,0,419,15,0,21,19,0,0,0,2
"216",216,8,2,5,66,47,17,0,25,0,2,2,5,5,2,0,61,2366,0,382,18,0,24,17,0,0,0,0
"217",217,15,5,8,60,48,18,0,23,0,6,2,4,4,2,0,58,2544,0,385,16,21,18,19,0,0,0,2
"218",218,8,5,4,57,39,11,0,23,0,3,2,4,4,1,0,63,2965,0,460,10,0,29,18,0,0,0,2
"219",219,6,4,3,8,39,18,0,19,0,3,1,4,5,2,0,63,2162,0,369,15,38,29,27,0,0,0,2
"220",220,10,4,5,12,41,14,0,27,0,3,1,5,6,2,0,58,2746,0,328,13,0,24,22,0,4,0,2
"221",221,11,2,6,6,29,10,0,17,0,3,1,4,4,1,0,64,3526,0,374,5,0,20,27,0,0,0,0
"222",222,2,2,2,14,32,7,0,24,0,2,2,5,6,2,0,62,3651,0,302,8,45,21,18,2,0,0,1
"223",223,10,3,5,48,36,9,0,21,0,3,2,5,5,1,0,63,3941,0,359,18,21,23,18,0,5,0,0
"224",224,8,5,4,9,39,12,0,25,0,3,1,4,5,1,0,58,3610,0,255,13,36,18,28,0,4,0,2
"225",225,7,1,4,13,35,6,0,23,0,2,2,6,6,2,0,59,2466,0,377,7,42,18,28,0,0,0,0
"226",226,7,2,4,51,50,19,0,25,0,2,1,6,6,1,0,64,3456,0,385,16,0,27,26,0,0,0,1
"227",227,8,5,4,9,46,18,0,23,0,2,2,4,4,2,0,64,2602,0,381,18,29,20,17,0,0,0,1
"228",228,4,1,3,8,39,10,0,23,0,4,1,5,5,1,0,61,3796,0,347,19,23,23,21,0,0,0,2
"229",229,4,4,3,7,24,6,0,17,0,4,1,5,6,1,0,64,3243,0,402,20,0,27,20,0,0,0,1
"230",230,5,2,3,11,31,8,0,20,0,3,3,4,4,1,0,59,4306,340,338,17,15,27,21,0,0,0,0
"231",231,12,4,6,13,34,12,0,21,0,1,1,5,5,1,0,59,2024,0,320,8,42,24,28,0,0,0,0
"232",232,13,5,7,54,32,6,0,24,0,3,1,6,6,1,0,63,2287,0,341,12,17,24,17,0,0,1,1
"233",233,3,1,2,96,33,8,0,24,0,3,3,4,5,2,0,58,2333,0,290,11,0,23,26,0,0,0,1
"234",234,10,2,6,14,28,7,0,16,0,3,1,4,5,1,0,61,3654,0,284,8,0,20,26,0,0,0,2
"235",235,12,4,6,57,29,10,0,17,0,12,1,4,5,1,0,60,2182,0,317,17,17,23,20,0,0,0,2
"236",236,9,1,5,16,40,12,0,23,0,2,2,5,6,2,0,63,3136,0,250,8,39,24,21,0,0,0,2
"237",237,9,4,5,15,37,13,0,18,0,2,1,5,5,2,0,62,2449,0,469,11,0,18,24,0,0,0,1
"238",238,7,1,4,8,40,13,0,21,0,4,1,5,6,1,0,59,2551,216,274,16,18,21,17,0,0,0,1
"239",239,5,1,3,81,35,7,0,23,0,8,2,5,6,1,81,61,3554,0,287,19,0,27,21,0,4,0,2
"240",240,12,5,6,13,34,7,0,22,7,3,3,4,4,1,0,63,2884,0,344,14,0,26,25,0,0,0,2
"241",241,4,4,2,9,35,7,0,24,0,2,2,4,5,1,0,62,2941,0,442,5,27,29,27,0,7,0,2
"242",242,6,2,3,12,36,14,0,20,0,3,2,4,4,1,0,64,2781,0,319,15,0,29,27,0,0,0,0
"243",243,8,5,5,11,49,13,4,25,10,2,2,5,6,2,0,60,2895,0,445,18,0,26,24,0,0,2,2
"244",244,13,3,7,81,40,20,0,18,0,4,1,4,5,2,0,58,2169,0,458,8,0,27,28,0,3,0,1
"245",245,11,4,6,63,36,14,0,18,0,4,2,6,6,1,0,64,2599,0,293,14,45,23,20,0,0,0,2
"246",246,6,2,3,6,46,18,0,26,0,2,1,4,4,1,0,61,3423,271,338,17,0,29,23,0,0,0,1
"247",247,3,1,2,75,46,12,0,28,0,1,1,4,4,1,0,58,3292,0,353,5,0,27,17,0,4,1,1
"248",248,7,3,4,84,40,14,0,22,0,1,1,5,6,1,0,61,2716,0,352,18,27,21,18,0,0,0,2
"249",249,3,1,2,48,32,11,0,17,6,2,2,6,6,1,0,63,3739,0,272,17,0,20,28,0,0,0,2
"250",250,8,1,5,10,29,6,0,21,9,3,1,4,4,1,0,60,2195,0,368,16,23,21,23,0,0,0,2
"251",251,13,4,7,11,34,16,0,17,0,1,1,6,6,2,0,62,3549,0,327,7,0,29,19,0,0,0,2
"252",252,12,3,6,57,45,14,0,25,0,3,3,4,4,1,0,60,3926,0,381,6,0,23,20,0,0,0,2
"253",253,11,4,6,66,37,15,0,21,0,2,2,5,5,1,0,64,3797,0,351,20,0,29,24,0,0,0,0
"254",254,5,3,3,8,31,7,0,23,0,3,3,4,5,1,0,61,3802,0,297,18,45,23,18,0,6,0,1
"255",255,6,2,3,12,28,10,0,17,0,2,2,11,5,2,0,58,2917,0,373,16,45,21,21,0,0,0,1
"256",256,3,1,2,10,45,18,0,24,0,4,2,5,6,1,0,63,3602,0,428,12,0,20,22,0,0,0,0
"257",257,12,3,6,6,36,18,0,17,0,4,2,5,6,2,0,59,3213,0,397,17,45,26,20,0,0,0,0
"258",258,6,2,4,66,42,9,0,28,0,4,1,5,6,1,0,61,3931,0,453,12,35,24,20,0,0,0,2
"259",259,7,3,4,42,27,9,0,16,0,2,1,5,5,1,0,59,3035,266,242,8,41,26,21,0,0,0,2
"260",260,9,3,5,6,33,11,0,22,0,2,2,5,5,1,0,60,3082,0,387,6,23,18,26,0,0,0,0
"261",261,8,2,5,84,44,13,0,24,0,3,2,5,5,1,0,64,3201,0,368,19,0,18,18,0,0,0,0
"262",262,11,2,6,10,42,19,0,22,0,4,4,5,6,2,0,60,2337,0,340,15,0,26,17,0,0,0,0
"263",263,8,4,4,60,40,17,0,17,0,4,1,5,5,2,0,63,2801,0,463,18,0,20,28,0,0,0,2
"264",264,12,2,7,63,39,9,0,24,0,4,1,6,6,2,0,60,3041,0,275,6,15,23,24,0,0,0,0
"265",265,7,3,4,66,24,29,0,28,0,4,1,5,6,1,0,59,2603,0,413,10,44,27,19,0,0,0,0
"266",266,8,4,5,14,39,10,0,24,0,3,2,5,5,2,0,61,3209,0,305,10,18,24,23,0,0,0,0
"267",267,6,3,3,54,40,14,0,23,0,3,2,5,6,2,0,64,2287,0,427,13,38,18,21,0,0,0,2
"268",268,12,4,7,6,38,18,0,17,0,3,2,4,4,2,0,62,3923,0,299,7,0,23,27,0,0,0,0
"269",269,4,1,2,63,39,10,0,22,0,3,1,5,5,2,0,63,2099,0,438,5,0,21,25,0,0,0,0
"270",270,7,1,4,14,50,16,3,26,0,4,1,5,5,2,0,62,2870,0,325,19,0,21,19,0,0,0,0
"271",271,4,3,2,7,39,15,0,18,0,4,2,5,5,1,0,61,2135,0,283,20,0,23,19,0,0,0,1
"272",272,11,5,6,69,29,6,0,17,0,2,2,5,6,2,0,62,2108,0,369,9,18,20,20,0,0,0,2
"273",273,11,4,6,8,46,18,2,18,0,3,1,4,5,1,0,62,2241,0,394,8,23,20,25,5,0,0,1
"274",274,4,4,2,9,43,10,0,25,0,2,2,5,5,2,0,58,3014,0,285,6,38,20,21,0,0,0,2
"275",275,8,1,4,13,34,12,0,16,0,4,2,16,4,2,0,64,2647,0,415,11,0,20,22,0,0,0,0
"276",276,2,1,2,57,38,14,0,19,0,2,2,4,5,2,0,59,3040,272,378,20,36,21,19,0,0,0,1
"277",277,11,1,6,96,35,9,0,20,0,2,2,6,6,2,0,63,3866,0,418,20,0,27,22,0,2,0,1
"278",278,9,5,5,10,38,14,0,18,0,1,1,4,5,2,0,63,2667,0,349,12,20,18,22,0,0,0,0
"279",279,10,2,5,10,43,15,0,21,0,2,1,5,5,2,0,62,2991,0,439,18,0,27,19,0,2,0,1
"280",280,6,3,4,72,41,13,0,25,0,3,2,5,5,2,0,60,2255,0,417,5,18,18,17,0,0,0,1
"281",281,4,1,3,11,35,6,0,26,0,3,3,5,5,2,0,62,2758,0,301,19,24,18,19,0,0,0,1
"282",282,10,5,5,78,33,10,0,19,0,4,2,6,6,2,0,63,2457,0,439,9,32,20,17,0,0,0,1
"283",283,2,1,1,93,28,5,0,17,0,2,2,5,6,1,0,58,3747,0,421,14,24,26,28,0,0,0,2
"284",284,13,4,7,51,49,20,0,22,0,2,1,4,4,1,0,58,3860,0,376,6,32,27,25,4,0,0,0
"285",285,8,3,4,12,36,5,0,24,0,3,2,5,6,1,0,64,2049,0,312,8,0,23,25,0,0,0,1
"286",286,10,2,5,13,39,9,0,26,0,3,1,6,6,2,0,62,3556,0,390,15,0,26,22,0,2,0,1
"287",287,9,4,5,63,41,16,0,21,0,2,2,5,5,1,0,62,3926,0,459,20,0,23,28,0,0,0,0
"288",288,12,5,6,15,40,14,0,19,0,1,1,6,6,2,0,59,3926,0,405,14,38,27,19,0,0,0,0
"289",289,13,4,7,60,35,15,0,18,0,4,1,5,5,2,0,63,3768,0,361,8,0,27,26,0,6,0,2
"290",290,5,2,3,14,33,13,0,20,0,3,2,6,6,1,0,64,3001,0,326,7,27,23,23,0,3,0,1
"291",291,6,2,4,8,37,9,0,26,0,3,2,5,5,2,84,59,3544,0,352,9,26,18,27,0,0,0,0
"292",292,12,5,6,78,40,7,0,26,0,2,2,6,6,2,0,61,2262,0,441,19,21,20,18,0,0,0,0
"293",293,5,4,3,15,41,11,0,28,0,4,1,6,6,2,0,63,2607,0,448,13,38,20,27,0,0,0,2
"294",294,3,1,2,7,43,16,0,20,0,4,2,5,5,2,0,63,3940,0,416,13,0,27,19,0,0,0,1
"295",295,3,2,2,75,40,15,0,19,0,4,2,5,6,1,0,61,3333,0,378,5,42,26,28,0,0,0,1
"296",296,8,3,4,14,38,9,0,25,0,2,1,5,5,1,0,58,2605,0,408,12,0,21,26,0,0,0,0
"297",297,8,3,4,6,27,7,0,19,0,4,2,16,5,1,0,63,3455,0,352,16,0,23,28,0,0,0,0
"298",298,2,1,1,9,46,18,0,26,0,2,1,5,6,2,0,58,3094,0,338,20,26,21,28,0,0,0,1
"299",299,8,1,4,12,50,19,0,25,6,3,1,4,5,1,0,64,3782,0,408,6,20,23,20,0,0,0,1
"300",300,13,5,7,10,42,14,0,24,0,2,1,4,5,1,0,59,3327,0,290,14,30,26,22,0,0,0,2
"301",301,9,4,5,12,36,15,0,17,0,4,4,4,5,1,0,61,2431,278,342,13,0,23,24,0,4,1,1
"302",302,10,3,6,12,29,5,0,23,0,11,2,4,5,2,0,64,3044,0,312,20,42,24,18,0,0,0,2
"303",303,14,5,7,48,38,10,0,24,0,3,1,4,5,2,75,61,3993,0,373,19,27,27,25,0,0,0,1
"304",304,10,5,5,13,25,5,0,19,0,1,1,5,6,2,0,61,2462,0,369,16,41,21,17,0,0,3,0
"305",305,9,1,5,12,36,12,0,18,0,4,4,4,4,2,0,63,3061,0,461,15,0,21,17,0,0,0,0
"306",306,8,5,4,42,48,16,0,26,0,2,2,6,6,2,0,62,3201,0,420,11,0,26,24,0,6,0,2
"307",307,7,5,4,7,30,7,0,18,0,3,2,6,6,1,0,61,3410,0,380,15,0,26,24,0,0,0,2
"308",308,6,2,3,15,43,16,3,22,0,4,1,5,6,1,0,62,3538,0,407,17,0,26,24,0,0,0,1
"309",309,10,1,6,16,42,13,0,25,0,3,1,5,6,1,0,62,3578,0,381,8,0,20,18,0,0,0,0
"310",310,4,2,3,8,46,19,0,24,0,3,2,5,5,1,0,59,3363,0,319,14,45,29,24,0,0,0,0
"311",311,12,3,7,51,39,7,0,26,0,4,4,4,5,1,0,58,2824,0,372,19,39,24,28,0,0,0,0
"312",312,4,3,3,14,39,14,0,24,0,3,1,6,6,2,0,58,2280,0,357,11,0,29,17,0,0,0,1
"313",313,9,2,5,12,44,9,0,28,0,2,1,5,5,1,0,62,2762,0,420,19,0,26,28,0,0,0,0
"314",314,11,3,6,15,29,11,0,17,7,2,2,5,6,2,0,62,2825,0,306,19,0,26,23,0,0,2,1
"315",315,3,1,2,9,43,20,0,17,0,2,2,5,5,1,0,60,2653,0,427,13,0,29,25,0,0,0,0
"316",316,6,4,3,69,37,14,0,16,0,3,2,5,6,2,0,59,2750,0,423,12,30,29,19,0,0,0,2
"317",317,1,1,1,39,37,9,0,24,0,2,2,5,5,1,0,62,3807,0,304,12,0,18,18,0,0,0,2
"318",318,7,1,4,11,33,11,0,20,0,2,2,5,6,2,0,59,2423,0,336,16,38,26,22,0,0,0,0
"319",319,10,2,6,14,33,6,0,22,0,1,1,5,5,2,0,63,3351,0,274,10,32,20,20,0,2,0,0
"320",320,9,4,5,8,40,10,0,28,0,3,1,5,6,1,0,64,3178,0,290,7,24,21,27,0,0,0,0
"321",321,9,1,5,81,41,9,0,28,0,2,2,6,6,2,0,61,3217,0,383,15,0,20,25,0,0,0,1
"322",322,10,2,5,15,35,6,0,26,7,3,2,6,6,2,0,59,3767,0,324,15,17,29,27,0,0,0,1
"323",323,11,3,6,7,45,18,0,25,0,3,2,4,5,2,0,61,3481,0,328,9,0,26,25,0,0,0,0
"324",324,9,2,5,11,48,16,0,26,0,4,2,5,5,1,0,58,2872,0,317,8,32,24,17,0,0,0,0
"325",325,9,3,5,96,44,12,0,27,0,2,1,5,6,2,0,60,3647,0,454,20,0,29,17,0,0,0,1
"326",326,15,5,8,16,37,17,0,18,0,3,2,5,6,1,0,62,3217,0,332,12,18,23,17,0,0,0,0
"327",327,5,3,3,7,35,11,0,22,0,2,1,4,5,2,0,64,2756,0,333,12,0,27,19,0,0,0,0
"328",328,2,2,1,57,31,11,2,17,0,2,1,4,5,1,0,58,2539,0,454,13,15,21,22,0,2,0,0
"329",329,13,3,7,9,34,11,0,18,0,4,1,5,5,2,0,62,2254,0,343,17,0,27,25,0,0,0,1
"330",330,10,2,5,8,43,17,0,25,0,3,1,5,5,2,0,63,2255,0,406,19,39,23,20,0,2,0,1
"331",331,7,4,4,13,38,20,0,17,0,4,1,5,6,2,0,58,3319,0,274,10,0,29,19,0,0,0,2
"332",332,10,4,5,7,45,19,0,23,0,4,2,4,4,2,0,61,2838,0,305,15,0,21,21,0,0,0,2
"333",333,8,2,4,8,35,18,0,16,0,2,2,4,5,2,0,63,3276,202,311,10,0,23,19,0,0,0,1
"334",334,12,4,6,16,49,18,0,26,0,4,2,4,5,1,0,63,2452,0,355,12,20,24,21,0,0,0,0
"335",335,3,3,2,15,38,12,0,19,0,2,2,5,5,2,0,64,2172,0,392,14,0,18,26,0,0,2,0
"336",336,4,1,2,7,43,20,0,21,0,4,1,5,6,1,0,62,3100,0,381,10,0,21,25,0,0,0,0
"337",337,11,4,6,15,37,8,0,25,0,3,1,22,6,1,0,63,3788,0,404,11,17,29,20,0,0,0,1
"338",338,9,4,5,90,31,5,0,20,0,4,2,5,5,2,0,63,3515,0,419,18,0,27,23,0,0,0,1
"339",339,5,3,3,42,42,14,0,27,0,2,2,4,5,1,0,62,3053,0,285,12,0,24,22,6,6,0,2
"340",340,14,5,8,57,30,5,0,20,0,4,4,4,4,2,75,58,3935,0,320,9,21,27,24,0,0,0,0
"341",341,10,4,5,15,29,6,0,16,0,4,2,4,5,1,0,61,3323,0,446,16,0,23,25,0,0,0,2
"342",342,7,3,4,9,40,14,0,19,0,2,2,4,5,2,0,59,3917,0,419,8,0,18,24,0,0,0,2
"343",343,8,5,4,10,40,18,0,19,0,3,2,4,4,2,0,62,3095,0,352,19,0,24,25,0,0,0,2
"344",344,8,5,5,16,45,19,0,20,0,4,1,4,4,1,0,62,3637,0,434,17,0,18,25,0,0,0,2
"345",345,10,3,5,36,40,18,0,17,0,1,1,5,6,2,0,60,2585,0,372,17,35,27,19,0,0,0,2
"346",346,10,3,6,13,44,18,0,22,9,4,1,5,6,2,0,63,2697,0,330,8,39,27,21,0,0,0,1
"347",347,9,1,5,45,46,17,0,24,0,2,2,4,4,1,0,64,2231,0,263,11,26,24,26,0,0,0,1
"348",348,8,5,4,81,26,7,0,18,0,1,1,4,5,1,0,58,2528,0,285,20,0,20,25,0,0,0,2
"349",349,2,1,1,48,41,14,0,26,0,2,2,5,5,1,0,63,3206,0,296,11,0,18,28,8,8,0,1
"350",350,6,1,3,7,40,7,0,27,0,4,1,4,4,1,0,59,3337,0,361,14,23,24,28,0,0,0,0
"351",351,6,2,3,14,30,6,0,21,0,4,4,6,6,2,0,58,2342,330,326,17,0,27,17,0,0,0,0
"352",352,3,1,2,7,38,9,0,25,0,4,1,5,5,2,0,62,2005,0,341,17,26,26,20,0,0,0,1
"353",353,9,3,5,12,40,15,0,19,0,2,1,5,6,1,0,62,3174,0,276,15,0,21,24,0,0,0,2
"354",354,7,4,4,87,41,19,0,17,0,4,2,5,6,2,0,58,2765,0,455,8,21,26,20,0,0,0,1
"355",355,11,2,6,10,38,7,2,22,0,2,1,4,4,1,0,60,3481,0,462,19,38,20,23,0,0,0,2
"356",356,6,4,4,7,38,15,0,19,0,4,2,6,6,2,93,60,3589,0,435,16,33,27,18,0,0,0,0
"357",357,15,5,8,8,34,11,0,22,0,1,1,5,6,2,0,63,3724,0,444,10,0,24,20,0,0,0,0
"358",358,4,1,2,66,41,14,0,25,0,2,2,4,4,2,0,60,3299,0,298,12,0,21,22,0,0,0,2
"359",359,4,1,3,63,37,8,0,22,0,3,2,4,4,1,0,64,3289,0,285,14,27,18,23,0,5,0,1
"360",360,9,2,5,51,42,18,0,19,0,2,2,5,6,2,0,62,3797,0,361,17,0,26,23,0,0,0,0
"361",361,8,1,4,39,45,17,0,26,0,2,2,4,4,2,0,60,3779,0,290,8,39,27,19,0,0,0,1
"362",362,5,4,3,39,38,11,0,22,0,2,2,4,5,1,0,59,2308,0,360,14,0,29,25,0,0,0,0
"363",363,11,4,6,8,40,12,0,26,0,4,1,5,5,2,0,62,3055,0,385,11,0,29,19,0,0,0,1
"364",364,4,3,3,66,48,18,0,28,0,2,1,6,6,2,0,61,2527,0,345,10,36,23,24,0,0,0,0
"365",365,2,1,1,6,29,9,0,18,0,3,3,5,5,1,0,64,2814,0,355,17,18,23,24,0,0,0,2
"366",366,2,1,1,12,42,16,0,24,0,4,2,6,6,1,0,59,2401,0,334,15,20,29,22,0,0,0,2
"367",367,4,2,2,54,39,9,0,26,0,3,2,4,4,1,0,61,2777,0,455,8,0,23,24,0,0,0,0
"368",368,7,1,4,6,49,20,0,23,0,2,2,5,5,1,92,58,2884,0,364,8,0,26,22,0,0,0,0
"369",369,9,1,5,81,42,13,0,25,0,3,2,4,5,1,0,59,2212,0,318,11,0,26,18,0,0,0,1
"370",370,8,1,4,14,42,20,0,19,0,3,1,6,6,1,0,64,3932,0,265,6,23,21,22,0,0,0,2
"371",371,14,5,7,9,34,5,0,26,0,1,1,5,5,2,0,62,2134,0,423,12,0,24,26,0,0,0,2
"372",372,5,2,3,12,32,14,0,18,0,4,1,4,4,2,0,61,2765,0,388,12,0,27,28,0,6,0,1
"373",373,10,3,5,15,29,6,0,22,10,4,2,4,5,1,0,64,3752,0,430,17,0,29,23,0,0,0,1
"374",374,9,2,5,12,37,10,0,25,0,2,2,5,5,2,0,63,2920,0,428,7,33,29,24,0,0,0,2
"375",375,10,5,5,11,34,7,0,24,0,2,1,5,6,1,0,63,3742,0,306,20,29,18,20,0,0,0,1
"376",376,2,2,1,16,43,16,0,24,0,2,1,4,4,2,0,63,3465,0,371,15,0,21,18,0,0,2,2
"377",377,8,1,4,15,45,20,0,18,0,1,1,4,4,1,0,61,3079,0,443,20,0,18,24,0,0,0,2
"378",378,4,1,2,93,37,19,0,16,0,2,2,4,5,2,0,61,2817,0,377,5,17,29,24,0,0,1,2
"379",379,12,4,6,12,41,13,0,23,0,2,2,5,5,2,0,61,3888,0,412,8,0,18,19,0,0,0,0
"380",380,0,0,0,0,38,18,0,19,0,2,2,4,4,1,0,64,2100,0,268,15,42,18,22,0,0,0,1
"381",381,8,5,4,96,41,9,0,26,0,2,1,6,6,1,0,60,3069,0,431,19,0,23,28,0,0,0,2
"382",382,8,5,4,15,34,15,0,17,0,2,2,5,6,2,0,63,2435,0,414,17,17,24,25,0,0,0,1
"383",383,11,3,6,8,39,15,0,17,0,1,1,4,5,1,0,61,3113,336,357,10,0,23,24,0,0,0,1
"384",384,6,3,3,9,31,12,0,16,0,2,1,5,5,1,0,60,2495,0,469,13,0,20,23,0,0,0,0
"385",385,8,5,5,10,39,13,0,19,0,4,1,6,6,2,0,62,2252,0,270,16,30,20,26,0,0,0,1
"386",386,10,3,5,14,44,12,0,26,0,4,2,6,6,1,0,59,2789,0,459,20,0,18,18,0,0,0,1
"387",387,10,2,5,16,39,20,0,17,0,2,2,6,6,2,0,61,2359,0,311,11,17,18,25,0,0,0,1
"388",388,9,4,5,10,35,13,0,20,0,2,1,5,5,1,0,64,3673,217,307,17,0,26,28,0,0,0,2
"389",389,4,2,3,13,35,9,0,23,0,3,1,5,6,2,0,60,3970,0,352,19,44,20,19,0,0,0,1
"390",390,7,5,4,12,48,19,0,27,9,2,2,6,6,2,0,60,4215,304,289,16,0,27,25,4,0,0,1
"391",391,5,5,3,10,40,16,0,24,8,3,2,5,5,1,0,64,2306,0,306,13,0,26,22,0,0,0,0
"392",392,12,3,6,13,36,12,0,23,0,3,2,4,4,2,0,61,2006,0,266,12,0,29,18,0,0,0,1
"393",393,12,4,6,8,42,19,0,23,0,3,2,5,5,1,0,63,2441,0,401,20,0,20,19,0,0,0,0
"394",394,9,4,5,93,30,7,0,19,0,4,4,6,6,2,0,59,3180,0,298,5,0,27,24,0,0,0,2
"395",395,2,2,1,12,47,15,0,25,7,3,1,4,4,2,0,59,2375,0,458,20,15,24,26,0,0,0,1
"396",396,5,2,3,48,38,16,0,16,0,3,2,5,6,2,0,60,2354,0,345,19,0,27,23,0,0,0,2
"397",397,13,5,7,12,38,10,0,23,0,3,1,4,5,2,0,64,3724,204,379,9,27,29,28,0,0,0,2
"398",398,5,4,3,16,39,11,0,26,0,2,1,4,4,1,0,64,3819,0,328,17,33,27,19,0,0,0,1
"399",399,8,4,5,63,47,17,0,22,0,3,2,4,4,1,0,61,2855,0,419,10,0,20,21,0,6,0,1
"400",400,5,3,3,66,39,19,0,19,0,2,1,6,6,2,0,62,2944,0,271,14,36,24,27,0,0,0,0
"401",401,5,5,3,7,40,18,0,18,0,4,1,5,6,2,0,63,3274,0,283,9,41,26,25,0,0,0,0
"402",402,11,3,6,12,36,11,0,23,0,2,2,4,4,1,0,59,2974,0,304,11,18,29,25,0,0,0,1
"403",403,9,5,5,42,28,6,0,17,0,9,2,5,6,2,0,63,3247,0,429,14,15,20,24,0,0,0,1
"404",404,4,3,2,87,38,11,0,24,0,3,1,5,6,1,0,63,2304,0,425,14,29,29,21,0,5,0,2
"405",405,9,4,5,12,48,16,0,26,0,2,2,4,5,1,0,58,2300,0,294,11,0,23,18,0,0,0,1
"406",406,7,3,4,78,35,14,0,21,0,2,1,15,5,2,78,63,2065,0,450,16,20,24,28,0,0,0,2
"407",407,0,0,0,0,40,11,0,21,0,3,2,4,4,1,90,63,2369,0,344,5,24,21,21,0,0,0,1
"408",408,3,1,2,42,36,7,0,26,7,3,1,4,5,1,0,64,3249,0,338,17,0,29,26,0,0,0,1
"409",409,8,1,4,6,34,11,0,23,0,4,2,4,4,1,0,62,3165,0,369,14,0,18,20,0,3,0,2
"410",410,11,2,6,10,37,8,0,25,0,1,1,4,5,2,0,63,3588,0,462,20,24,20,23,0,0,0,1
"411",411,10,1,6,13,32,5,0,26,0,2,2,5,5,2,0,61,3315,0,446,16,0,26,18,0,0,0,0
"412",412,15,5,8,72,44,19,0,18,0,3,2,5,5,1,0,59,2991,0,413,17,0,26,17,0,0,0,1
"413",413,10,2,6,8,38,6,0,24,0,4,2,4,5,1,0,58,3419,0,331,20,0,20,21,0,2,0,2
"414",414,0,0,0,0,40,19,0,17,0,4,2,4,5,2,0,60,2904,0,393,14,0,24,26,0,0,0,2
"415",415,2,1,1,7,47,20,0,25,0,1,1,18,5,2,0,60,2302,0,387,20,33,23,28,0,0,2,1
"416",416,13,4,7,11,44,16,0,27,0,2,2,6,6,1,0,62,2286,0,427,8,23,18,17,0,2,0,2
"417",417,13,3,7,16,45,16,0,27,0,3,2,4,4,2,0,58,3411,277,446,16,0,23,26,0,0,0,0
"418",418,3,1,2,10,39,14,0,18,0,3,3,4,5,1,0,63,2507,200,378,10,39,18,24,0,0,0,2
"419",419,7,1,4,66,40,8,0,28,0,3,1,4,5,1,0,58,2136,0,383,10,30,18,20,0,0,0,1
"420",420,4,1,2,14,38,17,0,20,0,3,2,4,4,2,0,58,2983,0,288,16,0,26,21,2,7,0,2
"421",421,9,3,5,63,38,14,0,20,0,2,2,5,6,2,0,62,3320,0,455,10,29,26,28,0,0,1,2
"422",422,13,4,7,15,37,9,0,26,0,3,1,5,6,1,0,59,2761,0,314,6,0,20,19,0,0,0,2
"423",423,5,2,3,15,43,15,0,26,0,2,2,5,5,2,0,59,3276,0,284,5,29,18,19,0,0,0,1
"424",424,11,5,6,60,29,11,0,18,0,2,2,4,4,1,77,62,2266,0,430,19,20,27,21,0,4,0,0
"425",425,13,3,7,45,42,17,0,20,0,3,1,5,5,1,0,60,3170,0,321,5,24,29,22,0,0,0,1
"426",426,12,2,6,93,35,11,0,21,0,4,4,6,6,1,80,60,3438,0,354,5,45,21,22,0,0,0,0
"427",427,7,3,4,7,33,11,0,20,6,2,1,6,6,1,0,58,2078,0,394,8,0,23,21,0,0,0,2
"428",428,2,1,1,13,34,6,0,23,0,2,2,5,5,2,0,60,3209,0,377,13,0,20,24,0,5,0,1
"429",429,7,2,4,9,29,5,0,19,0,4,2,4,4,2,0,58,2168,0,401,8,0,26,21,0,0,0,2
"430",430,6,3,3,14,29,8,0,19,8,6,1,16,6,2,0,63,3797,225,281,18,26,27,17,0,0,0,2
"431",431,11,4,6,60,30,6,0,20,0,4,4,4,4,2,0,63,3687,0,309,20,0,21,27,0,0,0,1
"432",432,3,3,2,13,35,9,0,20,0,2,2,4,5,1,84,61,2585,0,255,13,45,24,21,0,0,0,1
"433",433,3,1,2,72,34,8,0,22,0,2,1,4,5,2,0,60,3377,0,357,16,26,21,25,6,0,0,1
"434",434,10,5,5,81,47,17,0,25,0,1,1,4,5,1,0,64,3854,0,265,9,29,26,28,0,0,0,2
"435",435,5,4,3,90,42,19,0,21,0,4,1,6,6,1,0,63,4281,320,290,15,17,27,28,0,0,0,2
"436",436,9,2,5,60,49,19,0,25,0,4,1,4,5,2,0,62,2554,0,274,8,23,26,17,0,6,0,1
"437",437,11,3,6,16,31,7,0,21,0,4,2,4,5,1,0,58,2457,0,312,11,0,24,19,0,0,0,0
"438",438,3,3,2,15,46,14,0,28,0,4,1,4,5,2,0,58,3596,0,253,11,23,21,23,0,0,0,1
"439",439,10,4,5,45,42,10,0,27,0,2,1,4,4,2,0,64,2559,0,381,9,17,27,18,0,0,0,2
"440",440,6,3,3,8,35,10,0,20,0,1,1,5,6,1,0,59,2931,0,428,17,41,21,26,0,0,0,2
"441",441,10,1,5,6,46,19,0,24,0,3,2,4,5,2,0,61,2515,0,312,19,32,18,27,0,0,0,2
"442",442,13,4,7,11,44,18,0,22,8,3,1,5,5,2,0,59,2083,0,414,15,0,18,24,0,0,0,2
"443",443,13,4,7,39,31,6,0,17,0,4,1,6,6,1,0,58,2123,0,338,11,18,27,19,0,3,0,2
"444",444,9,2,5,14,39,8,0,28,0,3,1,4,4,2,0,63,3896,0,320,7,0,20,18,0,0,0,0
"445",445,10,3,5,14,37,15,0,18,0,1,1,6,6,1,0,64,2740,0,356,16,0,24,25,0,0,0,2
"446",446,12,3,6,8,38,14,0,21,0,2,2,5,6,1,0,61,2486,0,378,16,0,23,21,0,3,0,0
"447",447,8,5,4,51,30,10,0,16,0,2,2,4,4,1,0,61,3011,0,305,6,0,18,24,0,0,0,0
"448",448,2,2,1,11,39,13,0,25,0,4,2,6,6,2,0,61,2328,0,391,10,0,20,28,0,8,0,2
"449",449,6,2,3,9,52,20,0,27,0,1,1,4,4,2,0,58,3539,0,459,10,0,24,26,0,0,0,0
"450",450,13,4,7,12,47,20,0,20,0,2,1,5,6,2,93,60,2353,0,353,12,21,26,24,0,5,0,2
"451",451,11,5,6,12,37,19,0,16,0,4,1,18,5,2,0,62,3588,0,330,6,0,21,24,0,0,0,2
"452",452,9,1,5,90,30,9,0,20,0,2,2,5,5,1,75,59,3223,0,411,20,0,23,19,0,0,0,0
"453",453,12,4,6,11,30,6,0,18,0,4,4,4,5,1,0,62,2646,0,363,6,0,18,21,0,0,0,2
"454",454,11,3,6,63,42,11,0,24,0,3,3,4,5,2,0,63,2863,0,453,17,0,18,21,0,0,0,0
"455",455,3,1,2,87,44,16,0,20,0,3,2,4,5,1,0,63,2320,0,399,20,33,27,25,0,5,0,2
"456",456,12,5,6,11,44,20,0,24,0,3,1,6,6,1,0,64,3220,0,437,9,0,29,19,0,0,0,1
"457",457,5,2,3,54,50,17,0,26,0,4,4,5,6,2,0,58,2223,0,282,10,0,24,24,0,4,0,0
"458",458,11,3,6,66,42,18,0,19,0,4,2,6,6,2,0,61,3426,0,411,11,0,26,25,0,0,0,0
"459",459,4,3,2,48,33,5,0,21,0,3,3,6,6,1,0,63,3702,0,374,11,0,26,18,0,0,0,1
"460",460,4,1,2,12,40,15,0,18,0,1,1,5,5,2,0,58,2807,0,439,20,0,27,25,0,2,0,2
"461",461,11,5,6,84,39,18,0,17,0,1,1,5,6,2,0,59,3786,0,260,8,42,24,28,0,0,0,1
"462",462,12,4,7,14,47,20,0,24,0,2,2,22,6,1,0,62,2028,0,304,9,0,26,20,0,0,0,0
"463",463,11,5,6,39,35,8,0,24,0,4,1,4,5,1,0,61,2574,0,384,10,30,27,18,0,0,0,0
"464",464,10,1,5,13,39,13,0,23,0,2,2,4,5,2,0,62,3578,0,287,12,0,27,24,0,0,0,2
"465",465,8,3,4,8,37,6,0,24,0,4,1,5,5,1,0,59,2208,0,440,14,0,23,27,0,0,0,1
"466",466,9,1,5,7,39,13,0,24,0,4,1,5,6,2,0,60,3793,0,355,13,0,18,20,0,7,0,1
"467",467,11,4,6,75,42,14,0,23,0,3,1,6,6,2,0,60,2147,0,406,11,0,29,19,0,7,0,1
"468",468,8,3,4,7,42,15,0,25,0,3,2,5,5,1,0,60,2931,0,276,20,0,23,22,0,0,0,0
"469",469,4,1,3,39,38,19,0,17,0,4,4,15,6,2,0,61,2999,0,298,5,26,20,23,0,0,0,1
"470",470,11,2,6,45,32,7,0,23,0,3,2,5,5,2,0,59,3348,0,372,5,45,18,26,0,0,0,0
"471",471,0,0,0,0,46,13,0,26,0,2,1,5,5,1,0,58,2667,0,310,12,0,24,22,4,8,0,0
"472",472,3,2,2,10,41,12,0,24,0,3,1,5,6,1,0,62,3175,0,470,20,0,29,27,0,0,0,0
"473",473,5,3,3,11,48,19,0,28,0,1,1,4,5,2,0,59,2853,0,413,8,30,26,23,0,0,0,2
"474",474,12,4,7,90,31,7,0,22,0,3,1,6,6,2,92,58,2828,271,411,13,18,26,26,0,0,0,1
"475",475,3,3,2,57,29,6,0,20,0,3,1,4,4,1,0,61,2130,0,306,12,0,23,22,0,0,0,0
"476",476,5,4,3,57,30,8,0,19,0,4,2,4,4,2,0,58,3441,0,255,12,41,26,18,0,0,0,2
"477",477,10,2,5,8,50,16,2,27,0,2,1,4,4,2,0,63,2277,0,408,10,39,20,22,0,0,0,0
"478",478,11,5,6,9,41,16,0,19,0,2,2,4,4,1,0,63,2950,0,439,19,0,18,24,0,0,0,0
"479",479,3,2,2,8,43,14,0,24,0,4,2,5,6,2,0,59,2900,0,305,8,0,23,23,0,0,0,0
"480",480,7,3,4,96,44,14,0,24,0,2,2,5,6,1,0,60,3063,0,331,16,0,26,22,4,5,0,2
"481",481,12,4,7,11,32,15,0,16,0,2,2,6,6,1,0,59,3771,0,424,18,38,29,19,0,0,0,0
"482",482,15,5,8,11,38,7,0,24,0,3,1,5,5,2,0,64,3861,0,291,10,33,27,27,0,0,0,0
"483",483,11,2,6,12,29,9,0,19,0,4,2,4,5,2,0,59,3560,0,428,17,0,21,25,0,0,0,1
"484",484,8,4,4,15,48,16,0,26,0,4,2,5,6,1,0,64,2847,0,399,18,33,18,26,0,0,0,0
"485",485,8,3,4,11,40,12,2,23,0,2,2,21,6,2,0,64,2759,0,377,18,0,24,25,0,0,0,2
"486",486,6,1,3,45,45,11,0,28,0,9,2,5,6,1,0,59,3036,0,307,20,0,23,27,0,0,0,0
"487",487,11,4,6,11,39,16,0,19,0,2,2,5,6,2,0,59,3598,0,264,16,18,18,21,0,2,0,2
"488",488,8,2,4,14,48,20,0,22,0,4,2,5,5,1,0,62,3403,0,277,8,20,26,28,0,0,0,2
"489",489,6,3,3,14,40,14,4,17,0,4,1,4,4,1,0,58,3606,0,336,19,0,29,18,0,0,0,0
"490",490,8,4,4,57,32,9,0,20,0,1,1,5,5,1,0,60,3749,0,302,12,30,21,18,7,0,0,0
"491",491,9,3,5,7,27,5,0,19,0,3,2,20,5,1,0,62,3994,0,319,7,0,29,19,0,0,0,2
"492",492,5,3,3,11,43,17,0,24,0,1,1,4,4,1,0,64,2459,0,370,14,42,20,28,0,0,0,1
"493",493,13,5,7,11,46,15,0,25,0,2,2,5,6,2,0,60,2164,0,385,9,0,29,25,0,0,0,0
"494",494,4,3,2,63,45,12,0,26,0,4,1,13,6,2,0,61,3412,0,412,17,0,18,19,0,0,0,1
"495",495,12,4,7,14,34,15,0,16,0,12,2,5,5,2,0,62,2694,0,426,7,0,21,28,0,0,0,1
"496",496,8,3,4,81,48,19,0,27,0,4,2,6,6,1,0,59,2749,0,446,19,32,20,28,0,0,0,0
"497",497,6,2,3,11,49,19,0,27,0,4,1,6,6,2,0,58,2678,0,294,19,0,20,24,0,0,0,0
"498",498,9,1,5,15,43,17,0,23,0,3,3,6,6,2,0,58,3281,0,398,8,0,26,17,0,0,0,1
"499",499,3,1,2,66,43,18,0,22,0,3,2,5,5,1,0,58,2377,0,447,7,33,21,20,0,4,0,1
"500",500,6,1,4,16,45,18,0,22,0,2,2,17,6,2,93,61,3085,0,395,19,0,24,26,0,6,0,1
"501",501,6,3,3,13,32,13,0,18,0,3,1,4,4,1,0,60,2156,0,308,20,0,23,28,0,0,0,2
"502",502,12,4,6,15,39,11,0,22,0,11,1,6,6,1,0,61,2902,0,451,14,36,23,27,0,0,0,2
"503",503,9,2,5,84,31,14,0,16,0,2,2,6,6,1,0,64,3156,0,303,12,0,27,22,0,0,0,1
"504",504,10,1,5,6,37,9,0,24,0,4,1,5,5,2,0,64,2164,0,304,19,0,29,17,0,0,0,2
"505",505,8,1,4,9,37,16,0,17,0,6,2,5,6,2,75,63,3841,0,307,9,0,26,28,2,0,0,0
"506",506,3,3,2,13,48,16,0,26,0,3,1,5,6,1,0,63,3400,0,406,8,23,21,17,0,0,0,1
"507",507,9,5,5,6,49,16,0,27,0,2,2,6,6,1,0,62,3963,0,387,6,0,27,22,0,0,0,1
"508",508,9,5,5,90,35,9,0,18,0,1,1,5,5,2,0,58,3593,0,441,6,0,18,18,0,0,0,2
"509",509,8,3,5,14,36,13,0,18,0,4,2,6,6,2,0,60,3300,0,334,11,44,26,24,0,6,0,2
"510",510,10,4,5,15,38,16,0,18,0,3,1,5,6,2,0,64,3277,0,405,11,0,23,25,0,0,0,0
"511",511,5,2,3,16,30,10,0,16,0,2,2,5,5,1,0,58,3041,0,270,18,33,23,21,0,0,0,2
"512",512,11,2,6,15,40,11,0,23,0,4,2,6,6,2,0,59,2122,0,421,19,0,23,18,0,0,0,2
"513",513,12,5,6,63,35,11,0,20,0,2,2,4,4,1,0,63,3779,0,313,15,0,24,21,0,0,0,2
"514",514,8,3,4,11,43,17,0,22,0,2,2,4,5,2,0,63,3344,0,403,6,0,18,17,0,0,0,0
"515",515,12,3,6,9,32,6,0,26,0,3,2,4,4,1,0,61,2293,0,412,7,0,23,17,0,0,0,0
"516",516,6,3,4,63,38,5,0,25,10,1,1,4,4,2,0,63,3286,0,379,20,32,26,25,0,0,0,1
"517",517,12,2,6,14,39,15,0,16,0,4,2,6,6,2,0,60,2353,272,393,12,39,18,26,0,0,0,2
"518",518,10,5,5,13,41,16,0,18,0,2,2,6,6,1,0,59,2877,0,388,18,0,20,26,0,0,0,0
"519",519,4,2,2,84,41,11,0,23,0,3,2,4,4,2,0,64,2360,0,391,19,0,20,20,0,0,0,1
"520",520,8,4,4,7,34,7,0,23,0,2,1,4,5,2,0,63,2079,0,468,14,0,27,25,0,5,0,0
"521",521,4,3,2,15,45,16,0,26,0,2,2,5,5,2,77,60,2599,0,363,6,0,20,27,0,0,0,1
"522",522,7,1,4,72,42,16,0,25,0,2,2,5,5,1,0,63,3077,0,364,13,18,26,24,0,0,0,0
"523",523,15,5,8,57,39,10,0,22,0,1,1,5,6,2,0,61,2893,0,439,9,0,29,22,0,4,0,2
"524",524,9,4,5,81,47,19,0,22,0,2,2,6,6,2,0,58,2548,0,422,8,15,24,20,0,0,0,0
"525",525,11,2,6,13,41,20,0,17,0,2,2,4,5,1,0,64,2740,0,267,11,20,27,22,0,0,0,2
"526",526,12,5,7,39,46,19,0,23,0,3,2,5,6,1,0,64,2056,0,363,6,0,26,18,0,0,0,2
"527",527,11,4,6,78,48,19,0,22,0,2,1,5,6,1,0,58,2503,0,272,8,0,18,28,0,0,0,2
"528",528,7,2,4,8,34,5,0,26,0,2,2,4,4,2,81,63,2515,0,377,9,45,20,24,0,0,0,1
"529",529,12,5,6,11,49,20,0,24,0,2,2,4,5,1,0,58,3358,0,402,13,41,21,25,0,0,0,2
"530",530,12,5,6,7,38,14,0,21,0,2,1,4,5,2,0,59,3750,0,279,18,30,24,19,0,0,0,2
"531",531,3,2,2,10,46,17,0,26,0,1,1,5,5,1,0,58,2690,0,360,15,0,23,28,0,0,0,2
"532",532,9,5,5,84,27,7,0,18,0,3,1,5,6,1,0,61,3344,0,460,10,18,21,21,0,0,0,0
"533",533,4,4,3,6,33,9,0,22,0,2,2,5,5,2,0,64,3711,0,459,19,18,27,19,0,0,0,0
"534",534,12,3,6,72,38,11,0,23,0,3,3,4,5,2,0,60,3544,0,396,9,0,20,23,0,0,0,2
"535",535,10,2,5,12,41,13,0,26,0,3,1,4,5,1,0,62,3729,0,414,17,0,26,20,0,0,0,0
"536",536,9,1,5,14,35,12,0,22,0,4,2,5,6,2,0,61,2625,0,449,14,42,29,27,0,0,0,0
"537",537,4,1,2,11,36,12,0,20,0,4,2,4,4,2,0,63,2854,0,350,10,0,20,22,0,0,0,0
"538",538,7,1,4,8,44,17,0,27,0,3,2,4,4,1,0,61,2893,0,269,9,17,26,17,0,0,0,2
"539",539,6,1,3,63,44,18,0,25,0,3,2,5,5,2,0,62,2430,0,325,19,17,29,22,0,0,0,0
"540",540,4,1,2,14,24,6,0,17,0,3,2,6,6,1,0,61,2661,0,394,10,0,21,20,0,0,0,0
"541",541,12,3,7,78,41,16,0,21,0,6,1,6,6,1,0,61,2891,0,397,17,0,27,22,0,0,0,1
"542",542,5,1,3,15,52,20,0,25,0,2,1,6,6,2,0,58,3963,0,333,9,0,26,24,0,0,0,2
"543",543,11,3,6,81,43,15,0,25,0,2,2,6,6,1,0,64,3047,0,442,7,0,18,24,0,0,0,0
"544",544,8,4,4,13,53,20,0,27,0,4,1,4,4,2,0,59,2556,0,408,11,42,23,17,0,0,0,2
"545",545,11,2,6,93,39,16,0,20,0,2,2,5,5,1,0,61,3814,0,269,20,0,26,20,0,0,0,2
"546",546,8,5,4,81,37,12,0,19,0,4,1,5,6,1,0,59,2451,0,274,18,21,20,17,0,0,0,0
"547",547,7,1,4,8,43,8,0,28,0,2,1,6,6,2,0,58,3494,0,306,13,21,24,28,0,7,0,2
"548",548,13,4,7,7,36,13,0,18,0,2,1,5,6,2,0,60,2943,0,390,11,30,20,17,0,0,0,1
"549",549,3,1,2,10,39,13,0,21,0,2,2,4,5,1,0,58,3067,0,322,13,0,29,24,0,0,0,2
"550",550,5,2,3,14,34,7,0,23,0,4,2,5,6,1,0,58,3259,0,256,6,30,29,20,0,0,0,0
"551",551,12,3,7,12,34,10,0,22,0,3,3,5,5,1,0,64,3133,0,334,8,0,18,20,0,0,0,2
"552",552,7,3,4,93,34,8,0,18,0,3,3,4,5,2,0,60,2455,0,436,7,44,21,22,0,0,0,1
"553",553,4,2,2,14,35,11,0,23,0,9,2,6,6,1,0,58,3406,0,411,20,0,20,25,0,0,0,2
"554",554,4,4,2,7,34,8,0,18,0,8,1,4,5,1,0,58,2286,0,363,5,36,23,20,0,0,0,0
"555",555,10,2,5,11,44,19,0,20,0,3,1,4,5,2,0,63,2820,0,299,11,24,24,24,0,0,0,0
"556",556,4,3,2,15,27,6,0,18,0,2,1,5,5,2,84,63,2128,0,314,20,39,20,17,0,0,0,1
"557",557,6,1,3,60,35,15,0,18,0,4,1,4,4,2,0,64,2628,0,336,16,24,29,19,0,0,0,1
"558",558,6,5,3,15,30,8,0,21,0,2,1,5,5,2,0,60,3861,0,298,5,0,18,19,0,0,0,0
"559",559,8,3,5,42,44,18,0,18,0,4,1,5,5,2,0,63,3398,0,360,19,0,27,27,0,6,0,0
"560",560,14,5,8,66,30,10,0,19,0,2,2,4,4,2,0,60,2025,0,315,12,0,29,18,0,0,0,1
"561",561,5,5,3,15,37,14,0,18,0,4,2,6,6,1,0,59,3548,0,418,15,0,18,24,0,0,0,0
"562",562,6,5,3,78,40,13,0,26,0,3,1,4,5,1,0,62,4332,350,258,19,41,29,27,0,0,1,2
"563",563,11,5,6,16,39,16,0,18,0,2,1,5,5,1,0,62,2975,0,304,5,0,29,23,0,0,0,2
"564",564,7,1,4,57,39,15,0,20,0,4,2,15,6,1,0,61,3518,0,265,12,0,20,17,0,0,0,2
"565",565,4,1,2,42,30,10,0,17,0,3,1,4,5,1,0,62,3565,309,321,10,42,21,22,0,0,0,1
"566",566,4,3,3,36,47,17,0,23,0,3,2,5,6,2,0,59,2584,0,413,17,0,27,22,0,5,0,1
"567",567,5,3,3,7,42,18,0,18,0,2,1,19,5,2,0,63,2968,0,275,10,0,20,18,0,8,0,1
"568",568,8,1,4,75,41,17,3,19,0,4,2,13,6,1,0,60,3923,0,271,14,0,26,25,0,0,0,2
"569",569,2,2,1,54,30,7,0,22,0,2,1,4,4,1,0,63,3830,0,460,19,0,24,17,0,0,0,0
"570",570,6,4,3,66,34,15,0,17,0,4,2,4,4,2,0,59,2875,0,349,12,36,21,17,0,0,0,2
"571",571,6,1,3,8,47,16,0,26,0,2,2,5,5,1,0,64,3871,0,293,9,0,29,24,0,0,0,2
"572",572,9,4,5,12,38,16,0,16,0,4,2,6,6,1,0,59,2248,0,405,13,33,26,17,0,0,0,0
"573",573,9,5,5,12,43,15,0,25,0,1,1,6,6,2,0,62,2262,0,443,16,0,27,17,0,0,0,2
"574",574,13,4,7,9,38,14,0,23,6,4,2,4,4,1,0,64,2816,0,404,20,0,21,26,0,0,0,2
"575",575,7,1,4,10,38,18,0,18,0,3,3,5,5,1,0,63,2606,0,358,9,45,21,27,0,0,2,0
"576",576,8,3,5,7,46,14,0,27,0,3,1,4,4,2,0,61,2593,0,451,15,0,27,26,3,0,0,1
"577",577,9,1,5,14,39,13,0,25,0,2,2,4,5,1,0,63,3725,0,455,19,0,29,23,0,0,0,2
"578",578,11,3,6,66,36,8,0,26,0,3,2,4,5,2,0,59,2991,0,304,6,29,23,23,5,0,0,0
"579",579,6,5,3,6,48,16,0,28,0,4,1,5,6,2,0,62,2044,0,350,10,33,21,19,0,0,0,2
"580",580,12,5,7,69,37,11,0,22,0,2,2,16,6,1,0,61,2734,0,385,7,0,20,28,0,0,0,1
"581",581,10,3,6,10,45,16,0,25,0,2,1,4,5,2,0,59,3286,0,359,8,45,21,18,0,0,0,0
"582",582,7,4,4,7,50,19,0,24,0,4,2,17,5,2,0,61,2671,205,383,6,38,20,20,0,8,0,0
"583",583,10,5,5,8,35,11,0,18,0,2,2,4,5,1,0,63,2609,0,426,14,44,21,27,0,0,0,2
"584",584,8,3,5,93,37,13,0,23,0,2,2,4,5,1,0,58,3504,0,276,14,27,26,26,0,0,0,1
"585",585,8,1,4,96,45,17,0,26,0,11,1,5,6,2,0,62,2221,0,306,12,15,23,18,0,0,0,0
"586",586,13,5,7,16,54,19,0,27,0,3,2,5,5,2,0,60,2154,0,273,18,0,24,26,0,0,0,0
"587",587,11,3,6,75,39,13,0,19,0,2,2,5,6,2,75,63,3302,0,339,8,39,24,27,0,0,0,0
"588",588,8,3,5,66,35,14,0,16,0,2,2,4,4,1,0,61,3555,0,435,12,0,20,28,0,3,3,1
"589",589,12,4,6,11,35,11,0,22,0,4,2,6,6,1,0,63,3517,0,264,8,17,29,26,0,0,0,1
"590",590,10,4,5,15,45,17,0,23,0,4,2,6,6,1,0,58,3015,0,345,17,15,24,26,0,0,0,1
"591",591,13,5,7,8,43,17,0,23,0,2,2,5,5,1,0,64,2726,0,392,10,0,21,27,0,0,0,0
"592",592,8,2,4,9,45,18,0,19,0,3,3,6,6,2,0,62,3331,0,366,5,20,26,22,0,0,0,0
"593",593,9,4,5,7,29,6,0,21,0,4,1,4,5,1,0,61,3160,0,412,12,35,21,27,0,0,0,1
"594",594,4,3,2,51,45,17,0,22,7,4,1,6,6,2,0,58,2707,0,281,15,0,23,22,0,0,0,0
"595",595,3,1,2,8,38,16,0,19,0,2,2,5,6,1,0,64,3852,0,389,10,24,21,27,0,6,0,0
"596",596,9,2,5,12,34,12,0,17,0,2,2,6,6,2,0,59,3653,0,314,8,36,29,21,0,0,0,0
"597",597,9,5,5,90,44,13,0,23,0,2,2,4,5,2,0,63,3189,0,390,18,0,18,24,0,8,0,0
"598",598,8,3,4,16,32,9,0,22,0,2,2,4,5,2,0,58,3167,0,293,10,36,23,25,0,0,0,0
"599",599,7,5,4,36,45,13,0,25,0,2,2,5,5,1,83,59,3965,0,457,12,0,26,20,0,7,0,0
"600",600,8,1,4,13,40,16,0,18,0,3,2,4,5,1,0,63,2645,0,332,10,0,24,22,0,0,0,2
"601",601,14,4,7,39,39,14,0,22,0,2,1,6,6,2,83,59,3957,0,467,14,0,27,24,0,0,1,2
"602",602,1,1,1,12,30,10,0,16,9,2,1,6,6,1,89,59,2620,0,351,17,0,24,23,0,0,0,1
"603",603,11,3,6,51,28,7,0,19,8,3,2,4,5,2,0,60,3988,0,318,17,0,18,26,0,0,0,2
"604",604,6,1,3,81,40,13,0,20,0,3,2,4,4,2,0,58,2008,0,377,20,0,18,27,0,0,0,0
"605",605,7,5,4,48,42,20,0,20,0,3,2,6,6,1,0,64,3009,0,301,13,36,29,25,0,0,0,0
"606",606,12,2,6,14,39,17,0,16,0,3,2,5,5,2,0,60,3714,328,338,6,41,20,21,0,5,0,2
"607",607,10,2,6,12,30,6,0,21,0,3,2,4,5,2,0,64,3756,0,309,20,20,23,27,0,0,0,1
"608",608,5,5,3,51,28,11,0,16,0,4,4,4,5,2,0,58,3236,0,276,12,0,26,27,0,0,0,1
"609",609,14,5,7,11,31,7,0,22,0,2,1,5,6,2,0,64,3748,0,418,15,0,20,25,0,0,0,0
"610",610,7,4,4,9,42,17,0,19,0,2,2,4,5,1,0,61,2085,0,335,15,39,18,24,0,0,0,0
"611",611,12,4,6,93,37,10,0,26,0,4,4,5,5,1,0,64,3594,0,284,10,33,29,28,0,0,0,2
"612",612,5,2,3,69,50,20,0,25,0,3,1,6,6,2,93,61,2445,0,268,18,26,24,17,0,0,0,1
"613",613,11,4,6,87,33,6,0,24,0,2,2,5,5,2,0,59,3619,0,321,17,42,23,18,0,0,0,1
"614",614,6,2,3,14,31,8,0,19,0,2,1,4,5,2,89,62,2028,0,341,9,0,21,21,0,0,0,0
"615",615,7,2,4,63,50,19,0,25,0,2,2,4,5,1,0,59,2319,0,343,17,20,23,17,0,0,0,2
"616",616,4,2,3,7,34,10,0,22,0,2,2,4,4,1,0,63,2413,0,359,10,0,20,25,0,0,0,0
"617",617,12,3,7,7,37,7,0,23,0,4,2,5,5,1,0,58,3036,0,401,16,32,20,25,0,0,0,2
"618",618,9,1,5,63,28,7,0,18,0,4,1,4,4,1,0,58,2091,0,357,7,0,29,26,0,0,0,0
"619",619,11,3,6,12,37,16,0,17,0,3,1,6,6,1,0,63,2450,0,307,17,0,21,24,0,0,0,1
"620",620,7,3,4,42,43,9,0,26,0,4,1,4,4,1,80,61,3360,0,412,20,0,21,18,0,6,0,2
"621",621,11,4,6,15,37,12,0,22,0,2,2,5,5,2,84,64,2557,0,311,13,41,26,22,0,3,0,0
"622",622,4,3,2,81,35,10,0,18,0,2,2,4,4,1,0,59,2751,0,368,16,0,20,26,0,4,0,2
"623",623,6,2,3,7,47,13,0,27,0,2,2,5,6,2,0,58,2948,0,437,16,0,23,21,0,0,0,0
"624",624,2,2,1,10,40,8,3,26,0,1,1,5,6,2,0,58,2720,0,336,14,0,20,22,0,0,3,1
"625",625,4,1,2,51,29,7,0,16,0,2,1,4,4,2,0,62,2094,0,323,15,0,24,28,0,0,0,0
"626",626,8,2,4,6,37,12,3,21,7,2,1,5,5,1,0,62,2942,0,433,20,30,18,25,0,0,0,1
"627",627,4,4,2,12,41,15,0,24,0,3,2,5,5,1,0,61,2507,0,322,13,29,24,21,0,0,0,1
"628",628,2,1,1,9,43,16,0,21,0,4,1,6,6,1,0,58,3742,0,360,6,0,21,18,0,0,0,1
"629",629,14,4,7,69,46,14,0,26,0,4,2,4,4,2,0,61,3032,0,307,18,0,26,20,0,0,0,2
"630",630,12,5,7,10,30,7,0,17,0,3,1,5,6,1,0,63,2296,0,310,10,44,20,26,0,0,0,1
"631",631,10,5,6,63,38,11,0,26,0,3,1,6,6,2,0,59,3502,0,377,11,41,21,22,0,4,0,1
"632",632,5,1,3,60,31,13,0,16,0,2,2,4,5,2,0,61,2638,0,335,20,0,29,26,0,0,0,1
"633",633,10,3,5,14,45,14,0,27,8,4,2,4,5,1,0,59,3426,0,298,8,42,27,26,0,0,0,2
"634",634,8,2,4,13,36,6,0,26,0,2,2,5,5,2,0,63,3171,0,346,17,21,18,28,0,0,0,0
"635",635,11,5,6,16,49,17,0,25,0,2,2,5,6,1,0,64,2096,0,271,13,38,26,19,0,0,0,1
"636",636,7,5,4,14,37,10,0,25,8,4,1,4,4,1,0,58,3114,0,427,17,0,18,20,0,0,0,2
"637",637,10,2,5,15,30,7,0,20,0,4,1,15,6,1,0,60,3293,0,452,12,33,18,21,0,0,0,2
"638",638,8,5,5,69,42,14,0,24,0,2,2,6,6,2,0,64,4250,338,373,16,0,20,17,0,0,0,2
"639",639,13,4,7,12,46,18,0,26,0,4,4,6,6,2,0,62,2783,0,365,7,0,29,25,0,0,0,1
"640",640,12,4,6,16,45,15,0,26,0,1,1,4,5,1,0,58,2327,0,269,9,27,24,28,0,0,0,2
"641",641,8,3,4,96,44,16,0,22,0,2,2,23,6,1,0,60,2039,0,305,18,0,29,28,0,0,0,2
"642",642,8,1,4,48,34,10,0,19,0,1,1,4,5,1,0,63,3165,0,270,13,0,27,18,0,0,0,0
"643",643,12,4,6,6,37,16,0,16,0,4,1,5,5,2,0,60,2506,0,291,20,36,20,18,0,0,0,1
"644",644,13,4,7,81,44,18,0,24,0,3,3,5,5,1,0,58,2723,0,455,20,0,20,17,0,0,0,1
"645",645,7,3,4,48,39,16,0,19,0,4,2,6,6,1,0,60,3415,0,345,14,29,27,28,7,0,0,2
"646",646,5,1,3,48,31,13,0,17,0,4,2,5,6,1,0,62,2835,0,322,17,0,23,23,0,0,0,1
"647",647,4,4,2,12,47,14,0,26,0,2,1,4,4,2,0,60,2290,0,279,13,0,24,17,0,8,0,2
"648",648,9,3,5,15,33,14,0,19,0,4,4,6,6,2,0,60,3091,0,356,11,0,26,25,0,0,0,0
"649",649,6,2,3,63,35,10,0,24,0,3,3,5,5,2,0,63,3672,0,269,11,27,21,28,0,3,0,2
"650",650,10,5,5,16,43,19,0,19,0,2,2,5,5,1,0,59,2417,0,422,15,0,24,24,0,7,0,2
"651",651,15,5,8,45,35,15,0,18,0,4,1,5,6,1,0,58,2997,0,438,18,0,27,23,0,0,0,2
"652",652,12,2,6,10,40,12,0,24,0,3,3,4,4,2,83,61,2638,0,423,17,39,21,24,0,0,0,1
"653",653,13,5,7,8,44,18,0,20,0,3,2,4,4,1,0,61,3521,0,423,7,0,18,17,0,0,0,0
"654",654,6,3,3,42,30,9,0,20,0,3,1,5,6,2,0,58,3938,0,470,16,0,27,26,0,0,0,1
"655",655,3,2,2,14,32,7,0,21,0,4,1,5,5,1,0,64,3076,0,312,18,0,23,21,0,0,0,0
"656",656,11,4,6,7,34,13,0,19,0,6,2,4,5,2,0,58,2480,0,449,20,45,21,25,0,0,0,0
"657",657,13,5,7,57,34,9,0,21,0,2,2,4,4,2,0,62,2104,0,446,9,0,21,17,0,0,0,0
"658",658,6,4,4,9,41,8,2,25,0,4,1,4,5,1,0,58,2614,0,466,17,0,21,20,0,0,0,2
"659",659,10,5,5,42,45,12,0,26,0,4,4,19,4,1,0,64,2459,0,302,13,0,21,17,0,0,0,2
"660",660,11,3,6,7,38,12,0,18,0,2,2,6,6,1,0,61,3519,0,272,6,0,21,27,0,0,0,2
"661",661,14,5,8,72,41,9,0,25,0,2,2,5,6,2,0,61,3656,0,363,17,0,29,26,0,8,0,0
"662",662,11,2,6,10,36,16,0,20,0,1,1,4,5,1,0,60,2607,0,457,20,36,18,27,0,8,0,0
"663",663,10,2,5,12,37,13,0,20,0,2,2,6,6,2,0,59,3310,0,262,11,0,23,18,0,0,0,1
"664",664,9,5,5,84,34,6,0,23,0,4,4,4,5,1,0,64,3233,0,379,11,0,21,21,0,0,0,0
"665",665,12,2,6,48,43,10,0,28,0,2,2,5,5,1,0,59,3508,0,283,19,0,26,20,0,0,0,2
"666",666,11,2,6,12,36,17,0,16,0,3,2,5,5,1,0,61,2114,0,438,6,32,21,18,0,0,0,0
"667",667,14,5,8,7,46,15,0,27,0,3,2,4,4,2,0,62,2816,0,327,19,0,29,20,0,0,0,2
"668",668,12,4,6,8,35,8,0,19,0,2,2,5,6,2,0,62,2063,0,331,15,0,24,22,0,0,0,1
"669",669,11,2,6,15,41,10,0,25,0,2,2,5,6,1,0,62,3030,0,391,16,0,26,24,0,0,0,1
"670",670,4,3,3,90,44,17,0,26,0,3,1,4,4,1,0,61,2542,0,342,17,0,27,21,0,6,0,0
"671",671,3,1,2,39,49,19,0,24,0,2,1,4,4,1,0,62,2877,0,373,13,0,20,26,0,0,0,1
"672",672,5,3,3,13,32,12,0,19,0,4,1,5,5,1,0,64,3029,0,334,20,0,20,19,0,8,0,1
"673",673,8,2,5,15,47,16,0,24,0,3,2,6,6,1,0,61,3452,0,400,17,0,26,26,0,0,0,1
"674",674,7,5,4,87,35,16,0,18,10,4,1,4,4,1,0,64,3260,0,299,20,0,21,18,0,0,0,2
"675",675,4,3,2,14,37,12,0,18,0,2,1,4,4,1,0,64,3768,0,341,19,21,23,20,0,0,0,2
"676",676,10,4,6,96,47,18,0,25,5,3,2,6,6,2,0,58,3803,0,258,11,32,20,20,0,0,0,1
"677",677,7,3,4,81,35,14,0,20,0,2,2,5,6,2,0,61,3138,336,446,13,0,18,28,0,0,0,1
"678",678,9,4,5,16,36,5,3,24,0,4,1,4,5,1,0,58,3719,0,372,6,30,29,21,0,0,0,2
"679",679,6,3,3,14,45,17,0,24,0,3,1,5,5,1,0,60,3852,0,305,10,21,23,27,0,0,0,0
"680",680,11,5,6,10,44,15,0,26,0,3,2,4,5,1,0,59,3092,0,249,9,32,23,23,0,0,0,1
"681",681,7,3,4,90,52,19,0,26,0,2,2,4,5,2,0,58,3456,0,411,5,24,27,21,0,0,0,1
"682",682,11,1,6,6,49,20,0,24,0,2,2,6,6,2,0,62,3055,0,309,6,32,18,21,0,0,0,0
"683",683,6,5,3,16,40,15,0,19,0,4,2,5,6,1,0,58,3698,0,298,18,44,18,27,0,0,0,2
"684",684,10,2,5,54,51,19,0,25,0,4,1,5,6,1,0,60,2402,0,276,15,20,24,20,0,0,0,1
"685",685,11,2,6,84,30,6,0,19,0,2,2,5,5,1,0,61,2407,0,259,6,0,23,26,4,0,0,2
"686",686,10,1,5,90,36,8,0,21,0,3,2,5,6,1,0,62,3002,0,403,18,0,27,22,0,3,0,1
"687",687,8,2,4,7,37,19,0,17,0,3,1,5,6,1,0,62,2143,0,246,6,39,21,27,0,0,0,0
"688",688,10,4,5,36,48,15,0,27,0,2,2,5,6,1,0,63,2077,0,335,14,38,18,18,0,0,0,0
"689",689,9,1,5,14,33,10,0,18,0,4,4,5,6,1,0,63,2651,0,267,9,0,24,17,0,4,0,0
"690",690,3,3,2,90,36,18,0,18,0,2,1,5,6,2,0,59,3050,0,400,20,0,29,27,0,0,0,2
"691",691,5,4,3,11,43,20,0,18,7,3,1,5,6,1,0,62,2566,0,428,7,33,26,18,0,0,0,2
"692",692,13,3,7,6,37,17,0,18,0,3,2,4,4,1,0,60,2593,0,325,19,0,18,27,0,0,0,2
"693",693,8,2,4,12,37,9,0,22,10,2,2,5,5,2,0,60,2605,0,317,15,41,21,28,0,0,0,1
"694",694,12,4,6,13,40,20,0,19,9,4,2,5,6,1,0,63,3892,0,389,11,0,20,26,0,0,0,0
"695",695,12,4,6,14,35,12,0,22,0,2,1,5,6,1,0,64,3813,0,372,10,17,20,19,0,0,0,0
"696",696,13,5,7,15,37,10,0,22,0,2,1,5,6,1,86,60,2334,0,383,16,0,29,23,0,0,0,0
"697",697,9,2,5,63,36,14,3,16,0,4,2,5,6,1,0,63,3749,0,436,18,42,20,28,0,0,0,2
"698",698,8,2,5,8,36,10,0,21,0,1,1,5,5,2,75,58,3286,0,275,5,0,20,18,0,0,0,1
"699",699,5,1,3,78,41,16,0,21,0,2,2,4,5,2,0,59,3052,0,419,7,15,29,27,0,7,0,1
"700",700,10,5,5,16,33,15,0,16,0,3,1,5,5,2,0,58,3433,0,431,12,0,24,27,0,0,0,1
"701",701,7,3,4,9,27,7,0,19,8,4,1,6,6,2,0,62,3032,0,357,13,0,20,27,0,0,0,1
"702",702,3,1,2,13,29,9,0,17,0,3,2,4,4,1,86,60,2923,0,322,20,0,26,24,0,0,0,0
"703",703,6,3,4,15,29,8,0,19,0,4,1,6,6,2,0,58,2456,0,451,13,0,23,25,0,0,0,0
"704",704,7,3,4,69,42,16,0,19,0,3,2,5,5,2,0,60,3777,0,308,7,0,23,18,0,0,0,1
"705",705,10,1,6,36,38,9,0,26,0,2,2,4,4,2,0,61,3293,0,463,7,0,21,28,0,0,0,1
"706",706,8,1,4,57,34,9,0,19,0,1,1,6,6,2,0,59,3528,0,312,12,35,20,22,0,0,0,0
"707",707,5,4,3,39,43,18,0,20,0,4,2,4,5,1,0,59,2130,0,349,9,0,24,21,0,5,0,2
"708",708,14,5,7,11,36,16,0,16,0,3,1,6,6,2,84,59,3718,0,290,6,21,20,28,0,0,2,2
"709",709,11,5,6,7,25,7,0,17,0,2,1,6,6,1,0,63,3554,0,322,5,35,18,19,0,0,0,0
"710",710,14,5,7,51,36,18,0,17,0,4,1,4,5,2,0,64,3579,0,431,14,36,18,21,0,0,0,1
"711",711,10,5,5,12,33,9,0,20,0,4,2,5,5,2,0,60,3019,0,344,11,0,21,23,0,0,0,1
"712",712,7,4,4,13,42,19,0,17,0,4,1,4,5,2,0,64,2685,0,394,18,0,27,22,0,7,0,2
"713",713,9,2,5,9,30,10,0,17,0,2,2,4,4,1,0,63,3407,0,269,16,35,24,17,0,4,0,2
"714",714,9,3,5,90,33,9,0,22,0,3,1,4,5,2,0,59,2766,0,289,11,0,20,17,0,0,0,2
"715",715,11,2,6,8,40,9,0,25,0,2,2,4,5,2,0,60,2596,0,333,8,21,27,21,0,0,0,2
"716",716,8,4,4,15,37,6,0,25,0,2,2,5,5,2,0,63,2776,0,414,14,0,18,17,0,0,0,0
"717",717,10,2,6,13,44,12,0,24,0,2,1,4,4,2,0,61,3125,0,414,8,0,18,18,0,0,0,0
"718",718,7,4,4,93,41,13,0,24,0,2,2,15,4,1,0,58,3979,0,463,17,0,26,27,0,8,0,2
"719",719,3,2,2,14,44,14,0,26,0,2,2,5,6,1,0,58,3171,0,292,8,26,21,18,0,0,2,0
"720",720,10,2,5,13,31,6,0,20,0,4,2,6,6,2,0,59,2974,0,434,6,17,24,25,0,4,0,0
"721",721,9,2,5,13,41,20,0,18,0,4,1,4,4,2,80,60,3166,0,420,11,30,21,19,0,4,0,1
"722",722,3,2,2,15,47,17,0,23,0,2,1,5,6,1,0,60,3794,0,299,12,26,18,23,0,0,0,0
"723",723,6,2,3,14,32,10,0,19,0,4,2,6,6,1,0,61,2399,0,444,8,27,20,21,0,0,0,0
"724",724,7,5,4,11,45,18,3,18,0,4,4,14,4,1,0,63,3821,0,284,12,32,29,20,0,6,0,1
"725",725,6,1,3,10,41,16,0,24,0,2,2,5,6,1,0,64,3699,0,272,11,0,27,23,0,0,0,0
"726",726,4,1,2,63,44,15,0,26,0,2,2,4,4,1,0,61,3342,0,327,8,36,23,17,0,0,0,0
"727",727,4,3,2,39,38,18,0,18,0,3,1,4,5,2,0,60,2557,0,412,7,23,21,20,0,5,2,1
"728",728,10,5,5,10,41,14,0,20,0,1,1,5,6,2,0,58,3437,0,368,7,0,18,19,0,7,0,2
"729",729,3,2,2,16,34,15,0,18,0,2,1,4,4,1,0,62,2903,0,384,7,0,23,17,0,0,0,0
"730",730,7,4,4,9,36,9,0,21,0,3,1,5,6,1,0,58,3833,0,424,20,30,24,28,0,0,0,1
"731",731,10,1,6,11,35,8,0,20,0,2,2,5,6,2,0,64,3166,0,314,18,36,29,23,0,4,0,0
"732",732,10,4,5,90,43,17,0,23,0,2,2,5,6,1,0,58,3189,0,403,15,0,23,27,0,0,0,1
"733",733,13,3,7,39,47,16,0,27,0,3,2,20,5,2,0,64,2035,0,404,11,0,26,22,0,0,0,0
"734",734,14,4,7,96,33,11,0,16,0,2,2,6,6,2,0,60,3911,0,355,17,36,18,17,0,0,0,1
"735",735,11,4,6,13,44,17,0,24,0,2,2,4,5,1,0,59,2265,0,362,6,0,20,27,0,0,0,2
"736",736,8,5,4,10,37,18,0,18,0,2,1,4,5,1,0,63,2681,0,379,18,0,21,22,0,0,0,0
"737",737,12,3,6,13,33,6,0,27,0,4,2,4,5,1,0,59,2446,0,381,16,0,26,24,0,3,0,0
"738",738,4,2,2,42,39,15,0,16,0,2,2,6,6,2,0,60,3468,0,374,8,0,20,23,0,0,0,1
"739",739,8,2,4,54,39,20,0,17,0,1,1,4,5,1,0,63,2042,0,416,19,0,29,18,4,0,0,1
"740",740,11,2,6,57,43,15,0,22,0,3,1,16,5,1,0,62,2058,0,277,16,21,26,21,0,0,0,2
"741",741,10,3,5,75,32,9,0,16,0,2,2,5,5,1,0,60,2847,0,449,7,35,26,20,0,0,0,1
"742",742,11,1,6,63,39,19,0,19,0,4,2,4,5,2,0,64,2031,0,451,5,23,20,18,0,0,0,1
"743",743,5,2,3,39,35,7,0,22,0,4,2,5,5,1,0,63,3930,0,427,10,0,29,28,0,0,0,2
"744",744,6,3,3,12,44,11,0,27,0,3,2,4,4,2,0,63,3625,0,412,11,0,23,21,0,8,0,1
"745",745,13,4,7,72,34,5,2,21,0,3,1,5,6,2,0,63,2896,0,355,9,0,29,28,8,0,1,1
"746",746,9,2,5,7,53,18,0,27,5,4,2,4,4,2,0,59,3430,0,405,9,0,27,21,0,0,0,0
"747",747,9,1,5,16,46,15,0,23,0,3,2,5,5,2,0,58,2060,0,442,10,35,21,26,0,0,0,2
"748",748,14,5,7,6,30,9,1,17,0,4,1,5,6,2,0,60,3310,0,421,18,0,24,17,0,0,0,1
"749",749,9,1,5,6,46,16,0,26,0,4,1,4,5,2,0,58,3028,0,467,14,0,26,28,0,0,0,2
"750",750,4,1,2,54,40,14,0,21,0,3,3,4,4,1,0,59,2974,0,384,9,32,27,20,0,2,0,1
"751",751,10,3,5,42,39,16,0,20,5,2,1,6,6,2,0,61,2885,0,325,10,44,20,21,0,0,0,0
"752",752,5,3,3,14,41,19,0,18,0,2,1,5,5,1,0,58,2319,0,422,11,45,20,24,0,4,0,2
"753",753,4,4,2,12,45,16,0,22,0,2,2,5,5,1,0,63,3204,0,400,10,39,24,23,0,2,0,1
"754",754,1,1,1,9,33,14,0,16,0,3,1,6,6,2,0,62,3194,0,301,14,0,23,27,0,8,0,2
"755",755,12,3,7,51,39,12,0,22,0,2,2,22,5,2,89,61,3034,0,299,14,20,24,22,2,0,0,1
"756",756,5,1,3,96,51,18,0,25,0,4,2,4,5,1,0,59,3899,0,360,11,44,23,24,0,7,0,1
"757",757,12,4,6,13,38,20,0,17,0,3,2,5,5,2,0,59,2859,0,334,14,0,29,24,0,0,0,2
"758",758,9,1,5,6,45,14,0,27,0,4,1,4,4,2,0,61,2541,0,413,17,0,18,28,0,3,0,0
"759",759,12,2,6,7,40,20,0,18,0,2,1,5,6,1,0,64,2813,0,335,12,0,27,18,0,0,0,0
"760",760,6,1,3,51,39,16,0,16,0,1,1,4,5,2,0,64,2561,0,271,8,0,26,24,0,0,0,2
"761",761,10,4,5,78,36,7,0,23,0,3,2,4,4,1,0,58,3782,0,318,11,0,18,27,0,0,0,0
"762",762,6,2,4,10,37,5,0,25,5,2,1,5,6,1,0,59,3727,0,403,13,39,23,18,0,0,0,1
"763",763,11,1,6,90,37,15,0,18,0,4,2,4,5,2,75,59,3255,0,258,8,30,24,22,0,0,3,2
"764",764,2,1,1,16,34,7,0,22,0,4,1,5,6,1,0,60,2584,0,264,8,17,26,21,0,0,0,1
"765",765,4,2,3,15,38,9,0,25,0,2,2,5,5,2,0,61,3304,0,320,14,17,29,19,0,7,0,2
"766",766,6,4,3,10,42,19,0,22,0,3,3,5,5,1,0,58,2097,0,420,6,0,23,20,0,0,0,0
"767",767,5,3,3,66,36,5,0,27,0,4,2,4,4,2,0,61,2392,0,371,20,23,29,17,0,0,0,1
"768",768,12,3,7,42,43,14,0,24,0,3,3,6,6,1,0,63,2911,0,475,20,0,24,19,0,3,0,0
"769",769,10,5,5,8,35,10,0,19,0,3,3,6,6,2,0,60,2506,0,349,18,0,24,19,0,3,0,1
"770",770,12,4,6,13,41,14,0,26,0,4,1,4,5,2,0,60,2628,0,461,14,20,24,21,0,3,1,2
"771",771,14,5,7,15,35,6,0,25,0,2,1,5,5,2,0,60,2488,0,430,18,0,21,23,0,0,0,1
"772",772,14,5,7,54,25,7,0,16,0,2,2,5,6,1,0,64,3644,0,459,6,0,24,28,0,0,0,2
"773",773,12,2,6,9,40,18,0,20,0,3,1,4,4,2,0,59,2816,0,349,17,0,26,22,0,0,0,1
"774",774,5,2,3,63,41,15,0,23,0,4,4,4,5,1,0,62,2649,0,349,15,21,24,25,0,0,0,0
"775",775,6,2,3,13,39,12,0,23,0,2,1,5,5,1,0,60,2995,0,377,14,0,24,20,0,0,0,2
"776",776,6,5,3,15,41,10,0,23,0,2,2,5,6,1,0,58,3997,0,374,15,0,23,19,0,0,0,0
"777",777,12,5,6,12,31,11,0,18,0,3,2,4,5,2,75,61,2950,0,319,11,0,29,17,0,4,0,2
"778",778,9,2,5,13,51,19,2,25,0,2,2,4,5,1,0,61,3071,0,344,12,30,24,24,0,0,0,2
"779",779,11,2,6,10,42,18,0,19,0,3,2,4,5,2,0,61,3055,0,265,16,33,20,26,0,0,0,1
"780",780,6,4,3,48,41,10,0,24,0,2,2,22,6,1,0,58,2105,0,262,14,45,21,21,0,0,0,2
"781",781,11,3,6,93,34,7,0,19,0,4,2,5,6,1,0,63,3425,0,396,12,24,26,17,0,0,0,0
"782",782,10,1,5,9,36,13,0,21,0,2,1,6,6,1,0,61,3923,0,297,13,0,29,17,0,0,0,1
"783",783,6,5,4,6,41,10,0,27,0,3,1,6,6,1,0,59,3657,0,305,7,38,18,22,0,0,0,2
"784",784,8,3,5,84,36,8,0,24,0,2,2,6,6,1,0,59,3256,0,401,13,27,23,21,0,0,0,1
"785",785,10,3,5,11,39,16,0,16,0,3,3,4,5,1,0,59,2280,0,387,17,18,20,27,0,0,0,2
"786",786,8,1,4,10,46,20,0,19,0,3,1,4,4,2,0,60,3206,0,283,10,17,24,21,0,0,0,0
"787",787,11,4,6,84,46,16,3,22,0,4,4,6,6,1,0,61,3598,0,327,10,0,21,20,0,0,0,2
"788",788,7,3,4,48,44,16,0,24,0,2,1,4,4,2,0,64,2266,0,460,18,33,21,20,0,0,0,2
"789",789,5,1,3,96,51,19,0,25,0,3,1,4,5,2,0,62,2612,0,273,12,0,26,22,0,0,0,2
"790",790,9,5,5,16,42,10,0,25,0,2,2,6,6,2,0,60,3403,0,321,6,38,21,20,0,0,0,1
"791",791,9,3,5,11,33,12,0,17,0,4,2,5,5,2,93,63,3060,0,298,10,29,23,20,0,0,0,2
"792",792,11,3,6,42,40,19,0,18,0,4,1,4,5,2,0,64,2694,0,378,7,20,21,28,0,0,0,0
"793",793,11,3,6,9,42,19,0,20,5,2,2,5,6,2,0,62,3897,0,273,13,26,23,18,0,0,0,2
"794",794,13,3,7,6,47,17,0,22,0,4,2,6,6,2,0,60,3086,0,321,11,0,21,24,0,0,0,0
"795",795,4,3,2,72,39,9,0,24,0,2,1,5,5,1,0,58,3052,0,347,15,0,26,23,0,0,0,0
"796",796,7,5,4,10,45,18,0,25,0,3,1,4,4,2,0,63,3571,0,463,8,0,21,26,0,0,0,2
"797",797,9,1,5,36,54,19,0,27,0,3,3,5,6,1,0,61,2078,0,292,13,23,24,19,5,0,0,2
"798",798,7,5,4,7,36,10,0,21,0,3,1,5,6,1,0,64,3844,0,257,19,44,20,25,0,0,0,1
"799",799,7,1,4,15,31,5,0,19,0,1,1,5,5,2,0,64,3838,0,452,15,29,26,18,0,0,0,1
"800",800,3,3,2,93,46,16,0,26,0,2,2,4,4,1,0,62,2289,0,278,14,32,20,18,0,0,0,0
"801",801,2,2,1,45,37,9,0,22,0,4,2,4,5,2,0,64,3763,0,416,5,0,20,20,0,0,0,1
"802",802,5,2,3,36,41,16,0,20,7,1,1,5,6,2,0,64,3411,0,304,14,21,29,19,0,0,0,2
"803",803,9,3,5,16,40,11,0,27,0,4,1,14,4,2,0,62,3195,0,381,18,0,18,27,0,0,0,2
"804",804,10,5,6,13,32,7,0,23,0,1,1,6,6,2,0,64,3719,0,282,13,17,24,24,0,0,0,1
"805",805,6,5,3,36,40,18,0,20,0,2,2,5,5,2,0,58,3396,0,297,8,0,23,20,0,0,0,2
"806",806,9,4,5,96,37,17,0,16,0,2,2,5,5,2,0,59,3169,0,461,18,0,20,19,0,0,0,2
"807",807,13,4,7,45,41,18,0,22,0,3,2,4,5,1,0,58,2080,0,370,13,0,27,27,0,0,0,1
"808",808,12,3,6,66,26,8,0,16,0,4,2,6,6,2,0,58,2272,0,286,6,0,20,27,0,0,0,0
"809",809,8,1,4,57,43,20,0,18,0,2,2,5,6,1,0,63,3978,201,298,10,38,21,27,0,0,0,0
"810",810,10,4,5,51,45,19,0,22,0,4,2,5,5,2,0,59,3688,0,379,20,0,20,18,0,0,0,0
"811",811,11,2,6,13,32,10,0,17,0,2,2,5,5,1,93,64,4025,209,270,12,21,27,26,0,0,0,2
"812",812,7,4,4,36,33,6,0,26,0,3,2,5,5,1,0,62,3701,0,256,5,38,24,18,0,0,0,0
"813",813,3,2,2,11,51,19,0,25,0,2,2,13,4,2,0,58,2592,0,407,14,35,27,22,0,0,0,1
"814",814,10,4,5,7,44,14,0,27,0,4,2,6,6,1,0,63,2728,0,445,9,27,29,26,0,0,0,1
"815",815,12,5,7,11,36,10,0,20,0,3,2,6,6,1,0,60,3140,0,317,10,38,27,20,0,0,0,2
"816",816,10,1,5,78,47,18,0,21,0,4,1,4,4,1,0,64,2630,0,441,13,23,21,20,0,0,0,1
"817",817,11,2,6,12,30,5,0,19,0,2,2,5,6,1,0,63,3623,0,371,6,0,23,21,0,0,0,2
"818",818,11,5,6,14,40,13,0,21,0,1,1,4,4,1,0,60,3980,0,376,15,0,18,18,0,0,0,1
"819",819,9,2,5,42,41,20,0,17,0,2,2,5,5,2,0,64,2613,0,280,6,0,18,17,0,0,0,0
"820",820,6,1,4,14,42,16,0,22,0,2,2,6,6,2,0,62,3995,235,274,18,0,20,25,0,0,0,2
"821",821,12,5,6,8,46,19,0,22,0,1,1,4,4,1,0,61,2513,0,342,14,41,23,27,0,0,0,1
"822",822,14,4,7,6,36,6,0,25,0,2,1,5,5,1,0,61,2658,0,395,12,0,23,24,0,0,0,2
"823",823,6,5,4,11,33,6,0,24,0,6,1,5,6,1,0,60,3327,0,432,10,33,20,20,0,0,0,1
"824",824,5,2,3,9,32,7,0,19,0,2,2,5,6,1,0,60,2740,0,336,13,33,21,27,0,0,0,2
"825",825,9,3,5,7,41,18,0,17,0,4,2,6,6,1,0,62,2782,307,451,9,23,26,27,0,0,0,2
"826",826,9,2,5,13,43,15,0,27,0,3,2,4,4,2,0,58,2216,0,423,7,0,21,21,5,2,0,0
"827",827,6,3,3,15,31,7,0,20,0,3,3,4,5,1,0,62,2512,280,315,18,0,26,18,0,3,0,1
"828",828,11,5,6,15,39,14,0,21,0,2,2,6,6,2,0,58,3997,0,374,7,0,29,17,0,0,0,1
"829",829,8,1,5,9,31,10,0,19,0,4,2,5,5,1,84,59,2795,0,304,20,0,26,26,0,0,0,0
"830",830,5,4,3,12,50,19,0,24,0,2,2,4,4,2,0,62,3881,0,444,9,0,20,28,0,0,0,0
"831",831,8,5,5,75,32,6,2,21,0,4,2,6,6,1,0,58,3177,0,321,8,29,27,20,0,0,0,2
"832",832,7,4,4,36,40,19,0,20,0,3,1,6,6,1,0,61,2551,0,375,16,0,20,26,0,0,0,1
"833",833,10,4,5,72,43,20,0,20,0,4,2,6,6,2,0,62,2401,0,457,13,0,18,19,0,0,0,2
"834",834,9,1,5,12,47,18,0,25,0,2,1,4,5,1,0,59,3800,0,318,19,0,23,21,0,0,0,0
"835",835,10,4,5,93,26,5,0,19,0,4,4,4,4,2,0,59,2593,0,274,9,33,27,23,0,0,0,2
"836",836,12,5,6,15,32,8,0,21,0,3,1,4,4,2,0,58,2125,0,282,7,0,18,20,0,0,0,2
"837",837,11,4,6,8,38,11,0,24,0,4,2,4,5,2,0,59,3257,0,377,8,17,27,21,0,0,0,2
"838",838,7,2,4,12,28,6,0,16,8,3,2,5,6,2,0,63,2025,0,353,5,15,23,22,0,0,0,2
"839",839,13,5,7,36,38,11,2,19,0,2,2,4,5,2,0,62,3530,0,366,6,0,21,19,0,3,0,0
"840",840,3,2,2,10,28,8,0,18,0,2,2,6,6,1,0,60,2136,0,451,8,0,29,20,0,0,0,0
"841",841,8,5,4,7,39,19,0,16,0,3,1,5,5,2,0,60,2798,0,313,7,21,29,25,0,0,0,2
"842",842,3,2,2,14,36,10,2,24,0,4,2,20,5,2,0,61,2906,0,404,6,0,18,22,0,0,3,0
"843",843,9,2,5,9,37,14,0,20,0,1,1,4,4,1,0,60,3994,0,266,14,0,21,23,0,0,0,1
"844",844,8,2,4,96,37,7,0,23,0,2,2,5,5,2,0,60,3912,0,385,19,0,23,19,0,7,0,0
"845",845,11,4,6,14,41,17,0,22,0,3,3,4,5,2,0,64,3658,0,319,10,0,20,27,0,0,0,2
"846",846,10,5,6,7,33,10,0,21,0,2,1,6,6,1,0,61,2609,0,383,20,32,24,22,0,0,0,0
"847",847,7,3,4,12,30,7,0,20,0,4,2,4,4,2,0,58,2148,0,299,19,0,21,25,0,0,0,2
"848",848,14,4,8,66,37,9,0,27,0,4,4,5,5,1,0,59,3224,0,454,12,0,24,22,0,0,0,0
"849",849,12,5,6,16,43,18,0,21,0,3,1,4,4,1,0,63,2065,0,448,15,0,18,24,0,0,0,1
"850",850,6,3,3,6,45,15,0,24,0,2,2,4,4,2,0,62,3645,0,345,11,0,20,20,0,0,1,0
"851",851,10,4,5,12,39,16,0,21,0,2,2,5,6,2,0,58,2578,0,452,5,0,20,24,0,4,0,2
"852",852,8,5,4,13,37,10,0,23,0,2,1,6,6,2,0,60,3648,0,274,12,0,24,28,0,0,0,2
"853",853,10,1,5,14,39,15,0,19,0,2,1,5,5,2,92,60,3476,0,432,13,0,27,25,0,0,0,1
"854",854,11,5,6,7,40,17,0,19,0,3,2,4,5,1,86,62,3243,0,294,5,0,29,20,0,0,0,1
"855",855,10,4,6,11,32,7,0,19,0,2,1,5,5,1,0,63,2888,0,364,9,27,20,17,0,7,0,2
"856",856,7,2,4,51,37,13,0,18,0,4,1,4,5,2,0,63,2924,350,287,16,0,18,17,0,0,0,0
"857",857,9,1,5,7,36,16,0,18,0,4,2,4,5,1,0,59,3462,0,357,14,0,21,23,0,0,0,1
"858",858,3,1,2,60,48,15,0,26,0,2,2,5,5,1,0,61,3799,0,335,6,0,21,24,5,0,0,0
"859",859,5,2,3,45,28,5,0,20,0,5,2,5,5,1,0,60,2250,0,295,11,0,18,21,0,0,0,2
"860",860,13,3,7,66,41,17,0,19,0,4,1,4,4,2,0,62,2264,0,440,9,0,26,27,0,0,0,0
"861",861,8,2,4,13,42,19,0,17,0,3,2,4,4,2,0,62,2449,0,467,19,0,23,26,0,0,0,0
"862",862,7,5,4,10,40,18,0,20,0,3,1,6,6,1,0,62,2802,0,371,12,0,27,22,0,8,0,0
"863",863,3,2,2,14,31,11,0,18,0,4,1,5,5,2,0,63,2249,0,311,10,38,27,26,0,0,0,1
"864",864,9,5,5,8,42,13,0,27,0,3,3,6,6,2,0,64,2932,0,286,16,0,24,23,0,0,0,1
"865",865,10,5,5,13,39,17,0,19,0,2,2,5,5,1,0,64,3045,0,423,8,0,20,17,0,6,0,2
"866",866,8,2,4,81,30,6,0,19,0,2,2,13,5,2,0,62,3550,0,275,14,24,20,18,0,0,0,1
"867",867,9,4,5,42,44,15,0,23,0,4,2,5,5,1,0,61,2867,0,385,11,26,18,19,0,2,0,1
"868",868,5,1,3,11,35,6,0,22,0,2,2,4,5,2,0,60,3786,308,380,16,36,27,21,0,0,0,2
"869",869,4,2,3,78,32,5,0,22,0,1,1,5,6,2,0,58,3628,0,416,5,0,26,27,0,0,0,2
"870",870,11,4,6,51,36,10,0,24,0,4,1,5,5,1,0,59,3261,0,297,20,32,26,21,0,2,0,1
"871",871,4,1,2,54,35,10,0,22,0,3,3,5,6,2,0,58,2329,0,263,11,32,27,23,0,0,0,1
"872",872,10,5,5,39,49,18,1,26,0,4,1,5,5,1,0,61,3831,0,263,15,26,26,22,2,0,0,1
"873",873,12,4,6,11,44,12,0,26,0,11,1,5,5,1,0,64,3918,0,333,19,39,23,19,0,0,0,2
"874",874,10,3,5,16,48,17,0,27,0,2,2,4,5,1,0,60,3812,0,268,19,18,26,20,0,0,0,0
"875",875,14,5,7,8,47,19,0,22,0,2,2,5,5,1,0,58,3875,0,317,15,15,18,17,0,0,0,2
"876",876,9,2,5,7,41,8,0,27,0,4,2,4,5,1,0,64,3171,0,447,14,0,26,19,0,0,0,1
"877",877,9,2,5,6,33,14,0,16,0,2,1,6,6,2,0,63,3768,0,342,15,0,27,17,0,7,2,0
"878",878,8,1,4,48,34,9,0,23,0,3,2,4,4,1,0,62,3744,0,270,16,0,21,20,0,0,0,1
"879",879,12,5,6,36,37,7,0,24,0,4,2,5,6,2,0,60,3090,0,252,13,42,20,21,0,0,0,1
"880",880,4,3,3,16,30,8,0,18,0,4,2,5,5,1,0,64,2920,0,341,15,0,26,28,0,0,0,0
"881",881,8,5,4,10,36,12,4,18,0,4,1,5,5,1,0,58,3679,0,298,15,0,27,17,0,0,0,2
"882",882,10,5,6,14,32,6,0,19,0,1,1,6,6,2,0,63,3668,0,406,17,29,27,27,0,3,0,2
"883",883,14,4,8,51,46,19,0,21,0,3,2,5,5,2,0,59,3685,0,369,18,0,24,25,0,0,0,2
"884",884,10,4,6,14,44,13,0,25,0,3,2,6,6,1,0,58,2388,0,261,11,0,23,17,0,2,0,2
"885",885,12,3,7,78,43,13,0,28,0,2,2,4,5,1,0,63,2740,0,309,6,20,27,28,0,3,0,0
"886",886,12,2,6,6,45,16,0,22,0,2,2,5,5,2,0,64,3236,0,286,11,18,26,21,0,0,0,0
"887",887,0,0,0,0,37,8,1,27,0,2,1,5,5,1,0,63,2031,0,324,11,33,23,18,0,0,0,1
"888",888,11,5,6,60,49,20,0,22,0,4,1,5,5,1,0,63,2835,0,291,12,0,20,19,0,0,0,2
"889",889,11,5,6,10,30,8,0,17,0,2,2,5,5,2,0,62,2665,0,442,8,0,26,20,0,0,0,1
"890",890,6,3,3,13,34,9,0,22,0,1,1,4,4,1,0,61,3010,0,333,16,0,24,21,0,0,0,0
"891",891,8,3,4,14,29,7,0,17,0,3,1,5,6,1,0,58,2080,0,430,16,23,21,27,0,3,0,0
"892",892,5,3,3,16,46,13,0,27,8,4,1,6,6,1,0,59,3907,0,414,9,0,21,21,0,0,0,0
"893",893,10,5,5,13,43,17,0,21,0,2,2,5,6,1,0,59,3113,0,447,15,0,23,25,0,0,0,2
"894",894,11,5,6,8,40,9,0,28,0,3,1,4,5,1,0,63,2337,0,267,18,33,24,27,0,0,0,1
"895",895,8,2,4,16,51,17,4,25,0,3,2,4,4,2,0,59,2728,0,426,15,26,26,26,0,0,0,1
"896",896,8,5,5,11,25,6,0,19,0,4,1,4,4,2,0,63,3969,0,296,19,42,24,19,0,0,0,1
"897",897,12,3,6,10,37,7,0,22,0,3,1,4,5,2,0,60,2885,0,373,18,0,23,21,0,3,0,2
"898",898,2,2,1,69,37,7,0,24,9,3,3,4,5,2,80,62,3122,0,418,15,0,23,25,0,0,0,2
"899",899,8,4,4,81,37,8,0,26,10,3,3,6,6,2,0,59,3236,0,284,12,0,20,26,0,0,0,2
"900",900,9,4,5,51,31,8,0,17,0,2,2,5,6,1,0,64,3730,0,456,18,27,29,20,0,0,0,0
"901",901,3,1,2,15,40,15,0,18,0,3,1,4,4,2,0,59,2970,0,258,10,39,29,25,0,0,0,1
"902",902,3,1,2,11,49,20,0,25,0,2,2,17,6,2,90,59,2655,0,305,9,44,23,24,7,0,0,0
"903",903,13,5,7,11,43,17,0,23,0,2,2,6,6,2,0,61,3172,0,376,17,35,29,25,0,0,0,2
"904",904,9,1,5,6,38,15,0,17,0,4,1,5,5,1,0,63,3535,0,448,7,0,18,26,0,0,0,1
"905",905,6,1,4,60,38,19,0,18,0,2,2,4,5,2,0,61,3838,0,281,19,0,18,25,0,0,0,1
"906",906,11,5,6,9,41,11,0,27,0,3,2,5,5,1,0,63,2752,0,287,17,0,27,20,0,0,0,0
"907",907,11,4,6,42,48,18,3,24,0,3,2,4,5,2,0,61,3709,0,347,11,20,23,23,0,0,0,0
"908",908,7,2,4,14,37,9,0,23,0,2,1,5,5,1,0,58,2022,0,283,18,0,27,23,0,0,0,2
"909",909,7,1,4,16,40,14,0,21,0,2,1,5,5,1,0,61,2301,0,400,9,0,29,18,0,0,0,2
"910",910,8,1,4,8,33,5,0,21,0,2,2,12,5,2,0,61,2420,0,296,20,38,21,18,0,0,0,0
"911",911,11,5,6,8,33,8,0,19,0,4,2,6,6,2,0,63,2961,0,416,10,35,26,21,0,0,0,0
"912",912,3,2,2,96,34,6,0,25,0,3,2,5,5,1,0,59,2781,0,261,11,36,18,21,0,0,0,2
"913",913,5,1,3,51,40,13,0,21,0,4,4,4,4,2,0,60,3420,0,357,14,0,18,19,0,0,0,1
"914",914,8,5,4,90,46,15,0,26,0,4,1,4,5,1,0,62,3410,0,331,14,38,20,28,0,0,0,0
"915",915,4,1,3,9,42,17,0,17,0,4,2,5,6,2,0,62,2562,0,437,9,0,29,23,0,7,0,0
"916",916,8,5,4,6,36,18,0,16,0,2,2,5,6,2,0,64,2597,0,352,7,0,20,28,0,0,0,0
"917",917,11,5,6,9,39,11,0,20,0,4,1,5,6,1,0,58,2629,0,451,10,0,20,27,0,0,0,0
"918",918,4,1,2,6,43,20,0,20,0,4,4,4,4,2,0,60,2104,0,396,19,42,24,28,0,0,0,0
"919",919,5,2,3,16,47,18,0,23,7,1,1,4,5,2,0,58,3812,0,368,16,0,24,23,0,0,0,2
"920",920,5,2,3,78,50,17,3,24,0,3,1,6,6,2,0,62,3284,0,297,6,36,26,27,0,0,0,2
"921",921,14,5,7,15,38,15,0,22,0,3,2,4,4,2,0,58,2061,0,325,6,0,20,24,0,0,1,1
"922",922,11,2,6,84,34,10,0,23,0,2,2,5,5,1,0,64,3192,0,290,12,44,27,24,0,0,0,0
"923",923,13,5,7,81,41,15,0,20,0,2,2,5,5,2,0,58,3485,0,360,14,0,20,19,2,0,0,1
"924",924,11,3,6,69,34,11,0,18,0,12,1,21,6,1,0,61,3306,270,309,11,0,29,18,0,0,0,0
"925",925,8,5,4,9,37,10,0,20,0,2,2,5,6,2,0,60,2560,0,436,12,24,24,23,0,6,0,1
"926",926,3,2,2,10,38,10,0,25,0,4,1,4,4,1,0,58,3036,0,323,8,0,21,18,0,0,0,2
"927",927,3,2,2,9,29,7,0,17,6,2,2,5,6,1,0,64,2453,0,262,6,0,27,20,2,0,0,1
"928",928,3,2,2,7,30,8,0,17,0,2,2,4,4,2,0,60,3171,0,436,10,0,29,26,0,0,0,1
"929",929,10,2,6,8,41,17,0,21,0,4,2,6,6,2,0,59,2930,0,420,18,26,29,27,0,0,0,2
"930",930,12,3,7,10,40,11,0,25,0,3,1,4,5,2,0,64,2011,0,326,20,0,18,17,4,0,0,1
"931",931,8,2,4,87,42,10,0,28,0,3,1,4,4,2,0,62,2191,0,380,12,26,29,26,0,7,0,2
"932",932,13,4,7,14,41,11,0,23,0,2,2,5,5,2,0,61,2071,0,356,7,24,27,19,0,0,0,2
"933",933,14,4,7,93,43,20,0,17,0,4,1,6,6,2,0,61,2795,0,312,13,0,23,18,0,0,0,1
"934",934,10,3,5,69,32,8,0,17,0,1,1,6,6,2,0,61,2625,0,441,17,0,26,22,0,0,0,2
"935",935,3,1,2,75,38,15,0,17,0,3,3,4,5,1,0,61,3681,0,294,8,0,18,19,0,0,0,2
"936",936,11,1,6,42,28,11,0,16,0,1,1,6,6,1,0,62,2854,0,415,17,45,26,26,0,0,0,2
"937",937,11,3,6,15,45,17,0,26,0,2,2,5,6,1,0,61,3172,0,398,18,29,29,18,0,0,0,1
"938",938,7,2,4,93,31,12,0,16,0,3,2,6,6,2,0,61,2075,0,427,14,0,23,20,0,4,0,1
"939",939,10,2,5,14,51,20,0,28,0,4,1,5,5,1,0,60,3928,0,292,10,0,27,27,0,0,0,1
"940",940,5,1,3,57,47,18,0,23,0,4,1,5,5,2,0,58,3567,0,281,9,0,24,23,0,0,0,0
"941",941,3,3,2,87,43,13,0,24,0,4,2,5,6,2,0,58,2918,0,420,20,30,27,19,0,0,0,1
"942",942,15,5,8,15,33,5,0,23,0,2,2,5,6,2,0,60,2605,270,354,15,35,27,27,0,0,0,2
"943",943,4,3,2,10,45,11,0,26,0,2,2,5,5,2,0,60,3988,0,404,10,0,23,26,0,0,0,1
"944",944,10,2,5,75,35,6,0,22,0,3,1,6,6,1,0,59,3882,0,357,16,0,27,27,0,0,0,2
"945",945,2,2,1,14,39,12,0,21,0,3,2,4,5,2,0,64,3910,0,290,17,0,24,20,0,0,0,2
"946",946,4,2,2,13,41,19,0,17,0,2,2,6,6,1,0,59,2221,0,271,14,0,23,26,0,0,0,2
"947",947,11,5,6,60,34,8,0,18,0,1,1,6,6,1,0,64,3545,0,426,12,0,26,18,0,0,0,1
"948",948,12,5,6,15,45,13,0,28,8,4,4,5,6,1,0,60,3347,0,427,11,0,23,28,0,0,0,2
"949",949,4,4,2,9,38,16,0,21,0,2,1,6,6,2,90,60,2588,0,398,10,0,24,17,0,8,0,0
"950",950,4,2,2,39,47,15,0,28,0,2,2,5,5,1,0,63,2563,0,427,7,32,26,21,0,0,0,2
"951",951,4,1,2,16,36,11,0,20,0,1,1,6,6,1,0,62,2980,0,345,6,0,29,27,0,0,0,1
"952",952,11,4,6,72,27,5,0,17,0,4,1,4,5,1,0,60,3780,0,339,6,0,26,18,0,0,0,1
"953",953,11,4,6,84,46,16,0,24,0,4,2,4,4,1,0,64,4000,264,275,11,23,23,28,0,0,0,1
"954",954,8,1,4,16,43,10,0,27,0,3,1,6,6,1,0,59,2333,0,287,7,0,24,18,0,0,0,1
"955",955,11,1,6,36,42,20,0,19,0,1,1,6,6,1,0,60,2110,0,427,8,18,18,21,0,0,0,2
"956",956,3,3,2,87,35,16,0,18,0,3,2,6,6,1,0,60,2086,0,458,19,36,29,19,0,0,0,0
"957",957,11,4,6,13,36,7,0,25,0,3,2,4,4,2,0,58,2443,296,380,10,0,23,20,0,0,0,2
"958",958,9,3,5,8,27,9,0,17,0,4,1,4,4,1,0,64,2634,0,294,17,0,20,18,0,0,0,1
"959",959,7,2,4,11,27,9,0,16,0,3,1,6,6,2,0,58,3776,0,304,15,44,21,19,0,0,0,1
"960",960,6,5,4,12,47,20,0,25,0,2,2,4,4,1,0,61,3778,0,270,19,0,27,26,0,0,0,1
"961",961,8,3,4,66,41,9,0,28,0,3,2,6,6,1,0,61,2811,0,437,11,45,20,28,0,0,0,2
"962",962,7,2,4,63,41,12,0,27,0,4,1,19,5,1,0,59,2542,283,412,11,0,24,18,0,8,0,0
"963",963,8,5,4,51,39,18,0,21,0,2,2,6,6,1,0,58,3374,0,330,9,45,20,27,0,0,0,2
"964",964,9,3,5,13,33,6,0,22,0,3,1,6,6,1,0,64,2188,0,273,7,0,29,28,0,0,0,0
"965",965,5,3,3,15,31,7,0,21,0,4,1,5,5,1,0,60,2618,0,369,19,27,24,28,0,4,0,1
"966",966,9,4,5,12,43,17,0,22,0,3,2,5,5,1,0,61,2544,0,444,5,0,27,23,0,6,0,0
"967",967,7,2,4,39,44,14,0,26,0,3,1,4,5,2,0,61,3834,0,306,11,41,21,22,0,0,0,2
"968",968,11,2,6,12,47,13,0,26,0,2,2,4,5,1,0,63,3419,0,277,19,0,21,17,0,0,0,2
"969",969,12,4,7,9,49,17,0,26,0,2,1,5,5,2,0,62,2204,0,355,7,38,23,22,0,0,0,2
"970",970,7,2,4,90,31,9,0,20,0,4,2,5,5,1,0,59,2553,220,416,10,0,23,19,3,0,0,2
"971",971,5,4,3,15,39,11,0,24,0,3,1,5,5,2,0,59,3311,0,376,18,0,21,23,0,0,0,2
"972",972,5,1,3,16,36,6,0,24,0,1,1,20,4,2,0,60,3401,0,323,19,20,27,22,0,0,0,1
"973",973,4,1,2,7,37,10,0,25,0,3,3,18,4,2,0,62,2756,0,451,7,0,24,22,0,0,0,0
"974",974,3,2,2,13,38,13,0,25,0,4,1,6,6,2,0,61,3320,0,336,15,0,20,25,0,0,0,0
"975",975,6,2,3,12,33,5,0,23,0,2,2,5,5,2,0,63,3872,0,385,13,27,24,20,0,0,0,1
"976",976,3,1,2,9,37,8,0,25,0,4,2,6,6,1,0,58,2654,0,381,7,21,27,26,3,6,0,1
"977",977,10,2,6,39,32,7,0,22,0,2,2,5,5,1,0,62,3982,0,380,10,0,21,17,0,0,0,0
"978",978,3,2,2,7,48,14,0,28,0,3,1,5,6,2,0,61,3810,0,279,12,0,29,17,3,0,0,0
"979",979,3,1,2,10,40,13,0,25,0,2,2,5,5,2,0,60,2577,0,279,11,33,20,21,0,0,0,2
"980",980,6,5,4,12,47,20,0,26,0,4,2,6,6,1,89,60,3823,0,373,16,0,24,22,0,0,0,1
"981",981,10,2,5,96,36,18,0,17,0,3,1,4,5,1,0,63,3878,0,286,18,38,26,25,6,0,0,0
"982",982,10,4,6,14,31,14,0,17,0,2,2,5,5,1,0,58,3133,0,248,7,33,23,17,0,0,0,1
"983",983,3,3,2,84,39,14,0,24,0,1,1,5,6,2,0,60,4159,345,286,9,39,20,23,0,0,0,2
"984",984,3,1,2,7,45,14,0,24,0,4,1,5,5,1,0,59,3466,0,347,8,20,18,21,0,0,0,0
"985",985,13,4,7,12,35,5,0,26,0,4,1,5,5,1,0,63,2113,0,434,14,0,21,22,0,7,0,2
"986",986,7,4,4,13,47,18,0,27,0,4,2,4,5,1,0,64,2383,0,388,11,36,27,24,0,0,2,2
"987",987,11,5,6,9,27,8,0,17,0,3,2,5,5,1,0,62,2818,237,310,11,0,20,25,0,0,0,1
"988",988,7,1,4,8,40,9,0,24,0,2,2,4,5,2,0,63,2913,0,435,13,0,18,20,0,0,0,1
"989",989,1,1,1,8,48,16,0,28,0,3,2,5,5,1,0,60,2347,0,323,15,27,26,20,0,0,2,1
"990",990,10,5,5,12,30,8,0,17,0,2,2,6,6,2,0,64,2482,0,404,18,26,18,20,0,0,0,1
"991",991,9,3,5,8,42,9,0,27,0,3,2,5,5,2,0,64,4017,339,301,20,0,21,25,0,0,0,2
"992",992,12,2,6,9,35,8,0,22,0,3,1,5,6,2,0,61,2091,0,411,19,0,29,21,0,6,0,1
"993",993,11,1,6,12,32,6,0,25,7,4,2,4,5,1,0,60,3021,0,408,18,41,29,20,0,0,0,0
"994",994,12,4,6,12,42,15,0,20,0,4,2,4,5,2,0,63,3482,0,278,19,41,29,20,0,0,1,1
"995",995,13,3,7,11,52,20,0,25,0,4,4,4,5,1,0,62,2563,0,347,12,0,24,23,0,8,0,1
"996",996,10,3,6,11,46,11,0,27,0,2,1,4,5,1,0,63,3617,0,377,13,30,21,22,0,4,0,0
"997",997,5,2,3,13,37,8,0,26,0,1,1,4,5,1,0,61,3290,0,271,18,0,27,19,0,0,2,1
"998",998,5,1,3,63,40,12,0,26,0,2,2,6,6,2,0,61,2383,0,322,16,23,26,22,0,0,0,2
"999",999,9,4,5,16,32,7,0,21,0,2,1,19,6,2,0,63,2205,0,266,17,35,27,25,0,0,0,1
"1000",1000,12,4,7,16,32,8,0,18,0,3,2,4,5,1,0,59,3876,0,330,16,38,24,26,0,5,0,0
"1001",1001,6,1,4,72,36,16,0,19,0,2,1,5,6,2,0,63,2704,0,272,12,38,23,17,0,0,0,0
"1002",1002,2,1,1,48,40,12,0,21,0,2,1,6,6,2,0,64,3166,0,320,6,0,24,26,0,7,0,1
