"","Indnum","Consumption_1","Consumption_2","Consumption_3","Consumption_4","Consumption_5","Consumption_6","Consumption_7","Consumption_8","Consumption_9","Consumption_10","Consumption_11","Consumption_12","Consumption_13","Consumption_14","Consumption_15","Consumption_16","Consumption_17","Consumption_18","Consumption_19","Consumption_20","Consumption_21","Consumption_22","Consumption_23","Consumption_24","Consumption_25","Consumption_26","Consumption_27"
"1",1,2,10,0,20,5,30,0,44,0,2,3,0,9,3,0,64,2747,0,443,38,10,15,26,0,3,0,2
"2",2,7,2,0,15,7,13,0,44,0,8,4,0,8,3,0,63,2524,0,273,19,17,12,17,0,0,0,0
"3",3,3,1,0,16,7,40,0,45,0,5,3,0,10,4,0,64,2653,0,260,35,23,13,22,0,0,0,0
"4",4,10,4,0,18,5,12,0,35,0,6,2,0,11,3,0,59,3419,0,336,28,0,12,27,0,0,0,0
"5",5,8,10,0,14,7,10,0,45,0,7,1,0,12,2,0,64,3113,0,388,15,15,19,17,0,0,0,2
"6",6,6,3,0,14,8,26,0,32,10,4,2,0,11,3,59,59,2021,0,267,21,0,14,22,0,0,0,1
"7",7,5,1,0,20,3,23,0,37,0,5,4,16,9,1,0,63,3016,0,288,39,11,12,18,0,0,0,0
"8",8,4,6,0,15,5,15,0,49,0,5,4,0,10,1,0,60,2895,0,359,38,10,14,20,0,0,0,2
"9",9,4,6,0,20,2,35,0,52,0,7,2,0,8,4,0,64,3406,0,311,24,20,19,23,0,0,0,1
"10",10,6,10,0,31,4,19,0,48,0,4,4,0,8,1,0,58,2949,0,354,20,0,14,28,0,0,0,0
"11",11,8,6,0,28,2,37,0,40,0,2,4,0,9,4,0,64,2918,0,463,16,12,12,25,0,0,0,0
"12",12,3,9,0,26,6,20,0,49,0,8,2,0,10,2,0,61,3084,0,430,19,0,12,21,0,2,0,0
"13",13,1,9,0,22,2,11,0,34,0,4,4,0,11,3,0,63,3034,0,270,20,0,14,17,0,0,0,2
"14",14,5,5,0,22,4,29,0,34,0,4,1,0,12,1,0,61,2447,0,449,39,0,16,23,0,0,0,1
"15",15,8,4,0,31,4,28,0,53,0,2,4,0,9,2,0,63,3180,0,282,11,0,15,26,0,0,0,0
"16",16,5,5,0,28,7,28,0,43,0,4,3,0,11,3,0,60,2003,0,461,13,18,15,21,0,0,0,2
"17",17,10,5,0,28,8,16,0,49,0,6,4,0,11,2,0,62,3972,0,419,20,0,12,22,0,0,3,2
"18",18,10,9,0,29,8,24,7,38,0,7,2,0,12,4,0,61,2382,0,348,37,0,12,22,0,7,0,2
"19",19,3,4,0,17,4,38,0,43,0,2,3,0,8,1,52,58,2501,0,301,31,30,19,23,0,0,0,2
"20",20,1,2,0,14,7,37,5,51,0,2,2,0,11,1,53,64,2459,0,287,13,23,18,28,0,0,0,0
"21",21,6,2,0,18,2,38,0,35,0,8,4,0,10,4,0,62,3515,0,315,25,0,16,20,0,0,0,0
"22",22,5,8,0,23,4,13,0,34,0,5,2,0,11,4,0,63,3300,0,404,32,0,16,18,0,8,0,2
"23",23,3,5,0,19,4,12,0,42,0,6,3,0,10,3,0,58,2351,0,319,18,0,17,21,0,8,0,1
"24",24,3,1,0,31,5,38,0,51,12,6,3,0,10,4,0,60,3779,0,437,22,12,17,23,0,0,0,1
"25",25,2,9,0,28,5,26,0,50,0,5,4,0,11,3,0,61,2060,0,266,16,0,14,22,0,0,0,2
"26",26,4,8,0,24,3,22,0,42,0,7,2,0,11,1,0,60,2221,0,449,33,14,19,17,0,0,0,0
"27",27,6,3,0,16,3,25,0,33,0,2,1,0,12,2,0,59,2693,626,438,22,30,17,17,0,8,0,0
"28",28,4,9,0,16,7,12,5,36,0,8,3,0,12,1,0,61,3820,0,321,24,24,18,25,0,2,0,2
"29",29,4,8,0,22,4,34,4,35,0,2,2,0,11,1,0,61,2291,0,276,40,30,19,19,0,0,0,2
"30",30,5,4,0,19,2,10,0,50,0,6,1,0,12,2,0,58,2738,0,299,33,11,13,18,0,0,0,1
"31",31,2,3,0,25,6,10,0,39,0,3,3,0,11,4,0,60,3105,0,455,27,0,13,20,0,0,0,2
"32",32,7,8,0,27,2,31,0,44,0,8,4,0,8,4,0,58,3623,470,282,40,0,12,26,0,0,0,0
"33",33,8,10,0,29,3,38,0,41,0,2,3,0,9,2,0,58,3246,0,370,31,13,15,21,0,6,0,2
"34",34,10,6,0,28,4,22,0,34,0,8,2,0,11,1,0,58,3364,0,438,32,28,18,23,0,0,0,1
"35",35,5,6,0,23,6,11,0,43,0,3,3,7,11,3,54,62,2067,0,442,31,29,13,20,0,0,0,0
"36",36,1,8,0,29,2,39,2,36,0,6,3,0,8,2,52,61,2024,0,271,40,0,13,22,0,0,0,0
"37",37,8,2,0,13,7,37,0,51,0,8,2,0,9,2,0,64,3617,0,264,10,0,16,28,0,7,3,2
"38",38,6,7,0,25,5,19,0,55,0,2,1,0,12,3,0,63,3355,0,439,12,0,18,19,0,0,0,1
"39",39,9,8,0,22,2,39,0,51,0,3,1,0,8,1,0,59,3450,0,330,24,0,13,17,0,4,0,0
"40",40,3,9,0,27,7,29,0,54,0,4,2,0,9,2,0,62,3410,0,286,35,0,14,25,0,4,0,2
"41",41,6,10,0,15,5,26,0,37,0,7,4,0,10,2,0,62,3153,0,287,28,0,16,17,0,0,0,2
"42",42,9,10,0,22,4,29,0,33,0,3,2,0,11,4,0,63,2785,0,362,21,11,14,23,0,0,0,1
"43",43,3,1,0,27,2,30,0,53,0,3,4,0,10,3,0,63,3314,0,339,16,0,17,18,0,0,0,2
"44",44,5,3,0,24,3,14,0,37,13,4,4,0,9,3,50,63,3010,0,299,40,0,15,23,0,0,0,2
"45",45,9,4,0,28,6,13,0,53,0,8,3,0,9,3,0,61,3082,0,285,23,0,14,28,0,0,0,2
"46",46,7,9,0,13,7,13,0,53,0,6,1,0,11,2,0,58,3444,0,359,10,0,14,20,0,0,0,0
"47",47,10,1,0,23,8,40,6,33,0,7,1,0,8,4,0,63,2057,0,452,26,19,18,17,0,0,2,0
"48",48,8,6,0,15,4,40,0,41,0,3,1,0,9,2,0,60,3218,0,347,26,0,17,26,0,0,0,1
"49",49,4,6,0,32,7,20,0,44,0,5,4,0,12,4,0,64,2506,0,268,32,0,12,23,0,0,0,0
"50",50,1,10,0,14,3,30,0,46,0,4,3,0,11,3,0,62,2212,0,446,17,18,15,27,0,0,0,2
"51",51,8,4,0,16,7,16,0,49,0,6,2,0,10,4,0,58,3414,0,352,20,10,15,20,0,6,0,1
"52",52,2,3,1,25,2,20,0,43,0,4,1,0,11,1,0,64,3794,685,410,29,0,14,18,0,4,0,1
"53",53,10,3,0,24,7,18,0,51,0,4,4,0,11,2,0,60,2304,0,334,23,0,18,19,0,0,0,0
"54",54,8,9,0,19,7,35,0,35,0,3,1,0,8,2,0,61,3621,0,262,21,0,19,22,0,0,0,1
"55",55,5,3,0,16,4,16,0,50,0,2,2,0,12,4,0,59,3663,0,381,16,0,16,21,0,0,0,0
"56",56,2,3,0,12,3,18,0,47,0,5,1,0,10,4,61,63,3217,0,334,25,19,19,22,0,0,0,0
"57",57,6,6,0,26,3,26,0,51,0,5,1,0,10,4,0,62,2111,0,354,16,24,12,17,0,0,0,0
"58",58,9,6,0,32,7,35,0,55,0,5,2,0,12,1,0,61,2899,0,330,40,0,12,18,0,5,0,2
"59",59,9,8,0,13,6,25,0,55,0,3,1,0,9,2,0,64,3361,0,383,16,0,12,24,0,0,0,1
"60",60,9,8,0,16,8,26,0,52,0,2,1,0,11,4,60,63,3101,0,425,14,12,19,21,0,0,0,0
"61",61,7,1,0,23,4,21,0,33,0,4,1,0,12,3,0,61,3243,0,424,27,28,15,18,0,0,0,0
"62",62,7,10,5,19,2,39,0,33,0,4,4,0,8,2,0,59,2507,0,400,39,0,17,27,7,0,2,1
"63",63,4,10,0,32,3,40,0,36,0,7,2,0,9,2,0,62,2570,0,316,31,16,12,28,0,7,0,0
"64",64,3,8,0,16,4,20,0,33,0,4,1,0,10,1,0,63,2236,0,352,29,25,19,21,0,0,0,2
"65",65,10,3,0,26,8,23,3,54,0,2,2,0,9,3,0,63,3722,0,392,11,0,15,21,0,0,0,0
"66",66,4,10,0,19,8,19,0,39,0,2,4,0,8,4,61,59,3901,0,454,30,0,18,25,0,3,0,2
"67",67,9,8,0,31,5,24,0,49,0,5,3,0,10,1,0,62,2894,0,434,35,26,17,27,0,0,0,0
"68",68,7,6,0,28,6,33,0,49,0,6,3,0,10,3,0,63,3392,0,381,26,30,13,25,0,0,0,1
"69",69,2,4,0,16,7,15,0,39,0,6,3,0,10,1,0,60,2908,0,352,31,0,16,23,0,0,0,2
"70",70,1,1,0,20,7,13,0,32,0,7,4,0,11,1,0,62,2500,0,352,40,0,12,28,0,0,0,0
"71",71,2,3,0,15,7,30,0,54,0,3,2,0,9,4,0,62,2328,0,313,15,0,19,22,0,0,0,2
"72",72,4,2,0,19,5,25,0,33,0,2,2,0,12,3,0,61,3202,0,382,20,0,16,18,0,0,0,2
"73",73,2,3,0,24,4,26,0,42,0,6,4,0,11,1,0,64,2624,0,347,24,17,12,22,0,2,0,2
"74",74,10,1,0,13,2,17,0,46,0,8,4,7,12,1,0,60,3447,0,340,32,0,14,27,0,5,0,0
"75",75,4,10,0,23,6,38,0,48,0,2,2,0,8,1,0,60,2912,0,280,37,25,12,19,0,0,0,1
"76",76,8,5,0,20,8,31,0,37,0,2,1,0,8,4,0,58,3688,0,456,40,0,12,28,0,0,0,2
"77",77,1,3,0,12,3,29,0,41,0,7,2,0,8,1,0,63,3449,0,299,24,30,13,18,0,8,2,1
"78",78,9,1,0,21,6,14,0,36,0,3,2,0,11,3,0,59,3987,0,325,22,0,19,18,0,0,0,2
"79",79,3,7,0,19,7,27,0,52,16,3,1,0,10,1,0,62,3075,0,327,37,25,18,21,0,0,0,1
"80",80,4,10,0,18,4,11,0,34,0,8,4,0,10,4,0,60,3711,0,281,35,0,13,20,0,0,0,2
"81",81,1,7,0,18,8,28,0,43,0,8,4,0,11,1,0,61,3613,0,442,11,28,18,22,0,0,0,2
"82",82,4,3,0,28,8,23,0,45,0,6,4,0,9,4,0,62,2439,0,345,23,20,13,27,0,6,0,2
"83",83,5,9,0,22,5,21,3,51,0,8,1,0,10,3,0,59,2422,0,338,28,0,18,19,0,0,1,0
"84",84,3,4,0,15,4,17,0,48,0,6,1,0,10,4,61,62,3592,0,336,23,26,15,21,0,0,0,2
"85",85,6,6,0,15,4,29,0,46,0,8,2,0,11,1,0,63,2862,0,397,27,18,19,17,0,0,0,0
"86",86,5,1,1,24,2,20,0,49,0,3,1,0,9,1,0,61,2289,0,409,10,18,14,27,0,0,0,1
"87",87,5,8,3,12,5,10,0,40,0,8,1,0,8,4,0,64,3005,0,424,32,0,18,22,0,0,0,0
"88",88,2,6,0,15,5,27,0,48,0,7,3,0,11,4,0,60,2529,0,407,34,0,12,24,0,0,0,0
"89",89,3,4,0,22,2,37,0,42,0,7,3,0,10,2,0,61,3180,0,462,27,0,12,18,0,0,0,1
"90",90,10,3,0,13,8,34,0,38,0,5,4,0,10,2,0,61,2036,0,433,40,0,15,25,4,0,0,0
"91",91,6,5,0,14,6,34,0,36,0,5,2,0,11,2,0,63,3041,0,387,32,17,18,22,0,0,0,1
"92",92,7,3,0,26,7,28,0,40,0,5,3,0,9,4,0,60,2241,0,390,21,18,18,25,0,0,0,0
"93",93,8,1,0,16,7,12,0,52,0,6,1,0,9,2,0,64,2166,0,367,20,0,19,25,0,0,1,0
"94",94,4,2,2,25,2,26,0,36,0,4,2,0,12,2,0,63,3130,0,356,21,0,17,18,0,0,0,0
"95",95,2,9,0,26,5,25,0,53,0,3,4,0,10,2,0,59,3758,0,279,12,0,14,27,0,0,0,2
"96",96,10,4,0,29,8,28,0,55,20,7,2,0,10,2,0,58,2492,0,310,30,0,12,28,0,3,0,0
"97",97,10,3,1,15,2,20,0,36,0,4,1,0,9,1,0,63,2347,0,419,19,0,17,23,0,0,0,1
"98",98,2,4,0,20,6,13,0,53,0,4,2,0,9,4,0,59,3615,0,324,17,0,18,23,0,8,0,1
"99",99,4,1,0,24,5,35,0,41,0,2,3,0,8,4,0,63,3163,0,437,14,0,12,20,0,3,1,2
"100",100,5,3,0,15,7,28,0,48,0,6,1,0,12,4,0,62,3504,491,300,26,0,13,17,0,0,0,2
"101",101,5,10,0,16,2,29,0,41,0,5,4,0,9,2,0,62,3945,0,357,27,11,19,27,0,0,0,0
"102",102,6,10,0,13,4,36,0,50,10,2,4,0,12,2,0,59,2280,0,387,32,30,15,27,0,0,0,1
"103",103,6,1,0,17,7,38,0,54,0,8,1,0,12,2,0,59,2357,0,374,23,0,15,27,0,0,0,2
"104",104,3,9,0,15,4,17,0,43,0,3,3,0,11,1,0,63,3630,610,330,40,0,19,24,0,0,0,0
"105",105,4,6,0,25,5,13,0,44,0,5,2,0,12,2,0,64,3328,0,308,22,27,14,18,0,0,0,0
"106",106,1,3,0,18,7,11,0,39,0,4,3,0,10,4,0,64,2332,0,385,34,0,17,27,0,7,0,0
"107",107,4,6,0,22,4,19,0,37,0,3,3,0,9,1,0,58,2545,0,333,11,0,15,25,0,0,0,1
"108",108,5,7,0,28,4,35,0,34,0,5,3,0,10,3,0,59,2298,0,374,37,24,14,22,0,0,0,2
"109",109,9,9,0,17,3,27,0,36,0,6,2,0,9,4,0,62,3859,0,457,35,0,14,20,0,0,1,0
"110",110,2,6,0,12,8,40,0,47,0,7,3,0,8,1,0,64,3803,0,414,15,0,18,19,7,0,0,0
"111",111,5,2,0,16,8,35,0,42,0,7,4,0,9,1,0,64,2887,0,284,38,29,14,24,0,0,0,2
"112",112,3,5,0,32,3,27,0,45,0,5,1,0,11,1,0,64,2725,0,339,23,0,12,27,0,0,0,1
"113",113,10,2,0,24,5,12,0,34,0,5,3,0,8,2,50,62,2461,0,342,27,0,16,17,0,0,0,0
"114",114,8,10,0,19,6,22,0,35,0,6,2,0,12,1,59,61,3475,0,341,20,19,19,27,0,0,0,2
"115",115,8,10,0,32,2,32,0,39,0,7,3,0,11,3,0,59,3779,0,362,34,18,12,22,0,0,0,0
"116",116,6,2,0,26,7,20,0,46,0,4,3,0,11,3,0,63,2711,0,343,34,21,13,22,0,0,0,2
"117",117,4,7,0,24,8,33,0,47,0,7,3,0,12,4,0,62,3356,0,259,38,0,19,28,0,0,0,1
"118",118,3,3,0,30,7,23,0,52,0,2,3,0,12,4,0,62,2043,0,394,14,0,12,27,0,0,0,0
"119",119,10,8,0,30,5,32,0,46,0,2,3,0,9,4,0,61,3270,0,312,17,0,19,26,0,0,0,2
"120",120,7,5,0,19,3,34,0,39,0,8,3,0,11,4,0,64,2367,0,422,28,0,12,26,0,0,0,0
"121",121,7,4,0,12,4,26,0,42,0,7,3,0,8,4,0,61,2520,0,270,10,15,12,25,0,0,0,2
"122",122,6,1,0,31,5,19,0,54,0,6,1,0,9,4,0,58,3130,0,383,20,0,15,22,0,0,0,0
"123",123,10,9,0,12,3,35,0,44,0,6,4,0,11,4,0,62,3841,0,378,33,0,14,28,0,0,0,2
"124",124,10,6,0,31,7,19,0,46,0,7,1,0,10,3,0,59,3251,0,311,11,0,18,18,0,0,0,1
"125",125,2,9,0,27,5,16,0,35,0,4,4,0,11,2,0,64,3442,0,323,29,0,18,19,0,0,0,2
"126",126,9,10,1,27,7,39,0,45,0,5,3,0,10,3,0,61,3821,0,397,14,27,19,22,0,0,0,0
"127",127,6,5,0,13,5,32,0,32,0,4,4,0,8,4,0,58,3583,0,322,18,15,13,17,0,0,0,0
"128",128,2,9,0,13,4,14,0,48,0,2,3,0,10,3,0,64,2530,0,367,40,0,17,27,0,0,1,2
"129",129,10,7,0,20,3,20,0,53,0,5,3,0,12,4,0,64,2271,0,435,39,21,16,28,0,0,0,0
"130",130,3,3,0,13,4,19,7,32,17,5,3,0,12,1,0,64,2075,0,269,24,0,14,21,0,0,0,2
"131",131,8,4,0,28,8,20,3,52,0,6,3,0,10,3,0,59,3059,0,374,40,0,14,25,0,0,0,2
"132",132,4,2,0,28,6,39,0,53,0,8,4,0,9,2,0,59,2658,0,387,19,11,18,20,0,2,0,0
"133",133,6,10,0,14,2,22,0,34,0,6,1,0,12,3,0,62,2263,0,345,29,0,18,22,0,0,0,1
"134",134,10,4,0,22,2,27,0,34,0,6,3,0,9,4,62,60,2610,0,320,11,0,17,19,0,0,0,1
"135",135,6,6,0,32,6,31,0,40,15,2,4,0,9,3,0,58,2613,0,418,25,0,18,17,0,0,0,1
"136",136,7,3,0,25,3,37,0,55,0,3,4,0,12,2,0,64,3714,0,286,33,23,13,21,0,0,0,0
"137",137,8,6,0,30,5,35,0,55,0,5,3,0,8,4,0,61,2986,0,260,30,20,19,17,0,0,0,1
"138",138,6,3,0,30,3,37,0,47,0,5,4,0,12,4,0,62,3646,0,292,31,0,12,20,0,0,0,1
"139",139,5,10,0,21,8,20,0,39,0,6,3,0,10,2,0,64,2937,0,270,33,23,13,20,0,0,0,0
"140",140,2,10,0,23,3,28,0,43,0,2,2,0,11,2,0,62,2807,0,296,17,20,12,22,0,0,0,2
"141",141,7,7,0,20,7,35,0,32,0,3,3,0,11,3,0,62,2159,0,377,17,0,19,22,0,0,0,1
"142",142,6,10,0,23,3,13,0,32,0,3,2,0,8,1,0,60,3255,0,435,39,0,14,28,0,0,0,0
"143",143,6,4,0,23,3,18,0,52,0,7,3,0,12,2,0,64,3045,0,427,12,0,12,23,0,0,0,1
"144",144,3,7,0,28,8,30,0,49,0,5,2,0,10,2,0,64,3972,0,343,23,20,13,27,0,0,0,2
"145",145,10,8,0,18,7,21,0,41,0,3,4,0,12,3,0,59,2944,0,366,35,0,19,20,0,0,0,0
"146",146,10,4,0,23,3,19,0,44,17,6,4,0,10,1,0,63,3270,0,405,21,14,14,28,0,0,0,0
"147",147,5,1,0,24,7,12,0,53,0,6,2,0,12,2,0,63,3200,400,368,30,0,19,19,0,0,0,0
"148",148,5,3,0,32,2,29,0,52,0,3,3,0,12,4,0,60,3715,615,405,22,0,12,19,0,0,0,2
"149",149,9,9,0,29,8,20,0,53,0,6,2,0,9,3,0,60,3197,0,411,37,0,12,19,0,0,0,2
"150",150,3,6,0,31,2,30,0,39,0,5,3,0,10,1,0,60,3340,0,271,17,0,17,26,0,2,0,1
"151",151,3,3,0,12,3,18,0,39,0,2,1,0,12,1,0,60,2503,0,374,27,0,13,26,0,0,0,1
"152",152,2,1,0,24,5,27,0,36,0,8,1,0,11,2,0,60,3377,0,376,10,0,17,25,0,0,0,2
"153",153,5,6,0,29,7,32,0,32,0,3,2,0,8,3,0,63,3323,0,380,10,14,14,27,0,0,0,1
"154",154,5,10,0,26,6,33,0,53,0,7,2,0,9,1,0,64,3924,0,327,15,10,15,17,0,6,0,2
"155",155,6,3,0,14,2,15,0,52,0,8,2,0,9,4,0,63,3128,0,397,19,27,13,24,0,0,2,1
"156",156,3,2,0,12,5,21,0,47,0,7,1,0,12,2,0,61,2990,0,312,36,0,17,26,0,0,0,1
"157",157,7,2,0,22,5,32,0,35,0,8,2,0,8,3,0,58,2591,0,386,33,22,12,28,0,0,0,1
"158",158,8,7,0,19,2,21,0,53,0,2,1,0,11,1,0,59,3861,668,462,29,0,19,28,0,0,0,2
"159",159,2,9,0,15,6,13,4,33,0,5,4,0,9,1,0,64,3654,0,310,26,28,16,19,0,0,0,1
"160",160,2,6,0,19,6,24,0,34,0,6,4,0,11,3,0,60,3589,0,260,16,0,17,27,0,0,0,1
"161",161,3,5,0,26,5,38,0,54,0,6,1,0,11,2,56,63,2635,0,308,14,0,17,23,0,0,0,2
"162",162,3,1,0,19,6,28,0,34,0,3,3,0,11,4,0,60,2882,0,370,33,10,13,25,0,0,0,0
"163",163,9,5,0,16,4,31,0,38,0,6,2,0,8,2,61,64,2844,0,293,21,0,14,19,0,0,0,1
"164",164,7,6,0,22,4,12,0,39,0,5,3,0,10,4,0,62,3350,0,281,15,0,18,24,0,0,0,2
"165",165,5,3,0,30,2,27,0,44,0,3,2,0,12,3,0,64,3654,0,432,20,0,12,22,0,0,0,0
"166",166,5,8,0,24,7,18,0,48,0,4,3,0,12,1,0,58,3808,0,407,27,29,14,19,0,0,0,2
"167",167,10,10,4,13,3,36,0,43,0,3,2,0,10,2,0,64,2968,0,285,36,24,14,20,0,0,0,1
"168",168,8,5,0,12,7,38,0,48,0,7,2,0,10,4,0,62,3856,0,263,37,14,18,20,0,0,0,2
"169",169,3,10,0,19,6,21,0,32,0,8,1,0,10,1,0,64,2339,0,398,33,0,13,25,0,4,0,0
"170",170,7,9,5,28,5,14,0,45,0,6,2,0,8,3,0,64,3317,0,311,22,11,16,23,0,0,0,0
"171",171,8,8,0,13,7,11,0,44,0,3,3,0,12,2,0,64,3284,0,444,40,21,14,20,0,0,0,2
"172",172,5,5,0,25,7,17,4,55,0,7,4,0,10,2,0,59,3463,0,459,24,0,15,25,0,0,0,0
"173",173,6,5,0,18,5,10,0,36,0,6,2,0,12,3,0,63,2998,0,410,39,0,14,23,0,0,0,1
"174",174,6,8,0,15,5,27,0,38,0,4,1,0,10,2,0,61,2152,0,379,40,0,18,26,0,0,0,0
"175",175,2,2,0,21,3,40,0,38,0,4,3,0,10,3,0,59,2211,0,343,12,0,13,25,0,0,0,1
"176",176,10,7,0,32,8,40,0,33,0,2,3,0,10,4,0,59,3788,0,274,27,17,15,22,0,0,0,1
"177",177,1,4,0,21,8,25,0,34,0,3,1,0,10,2,0,64,3574,0,374,40,0,18,24,0,2,0,0
"178",178,8,4,0,18,3,33,0,39,0,7,4,0,12,4,0,62,2444,0,445,29,0,13,25,0,0,0,1
"179",179,4,3,0,26,2,38,0,50,0,5,4,0,10,3,0,60,3118,0,381,22,0,15,19,0,0,0,0
"180",180,4,7,0,27,8,28,0,52,0,4,1,0,11,3,0,60,2787,0,458,11,23,18,18,0,0,0,2
"181",181,1,4,0,21,4,26,0,48,0,8,2,0,9,1,0,63,2565,0,309,24,10,14,17,0,0,0,1
"182",182,5,7,0,27,4,10,0,36,0,6,3,0,12,2,57,61,3265,0,401,20,27,16,28,0,0,0,2
"183",183,7,5,0,23,5,12,0,47,0,8,4,0,10,3,0,62,2255,0,292,31,19,15,24,0,0,2,2
"184",184,4,10,0,16,2,22,0,53,0,4,4,0,10,1,0,62,3789,0,294,18,0,17,23,0,0,0,2
"185",185,10,7,0,19,2,23,6,52,0,5,2,0,12,4,0,58,3113,0,296,31,0,14,24,0,0,0,2
"186",186,1,9,0,26,2,15,0,48,0,8,2,0,8,4,0,59,3598,0,460,14,12,14,21,0,0,0,2
"187",187,6,9,0,25,2,24,0,55,0,2,1,0,10,1,0,59,2112,0,284,26,0,13,20,0,5,0,0
"188",188,3,6,0,17,4,37,0,37,0,5,4,0,8,2,0,60,2267,0,374,14,0,14,24,0,2,0,2
"189",189,9,2,0,29,4,30,0,48,0,4,3,0,9,3,0,63,2769,0,320,22,0,16,23,0,2,0,0
"190",190,1,6,0,27,7,18,0,53,0,2,2,0,12,4,0,59,2270,0,381,12,0,14,21,0,0,0,0
"191",191,9,7,0,13,8,20,0,33,0,7,4,0,10,4,0,63,2261,0,306,26,0,18,17,0,0,0,0
"192",192,9,5,0,12,6,15,0,49,0,2,4,0,10,1,0,61,3874,0,273,25,0,12,25,0,0,0,0
"193",193,3,5,3,14,2,27,0,44,0,3,2,0,9,4,0,64,3024,0,321,32,20,15,17,0,0,0,0
"194",194,3,6,0,19,4,22,0,50,0,3,2,0,8,3,0,59,3385,0,438,10,0,12,23,0,0,0,1
"195",195,9,7,1,12,6,34,0,36,0,8,4,0,10,3,0,63,3881,0,376,22,11,17,28,0,2,1,0
"196",196,6,4,0,26,2,27,0,47,0,7,3,0,8,3,0,63,3176,641,287,31,0,12,24,0,0,0,2
"197",197,9,5,0,27,8,18,0,37,0,7,4,0,11,1,0,59,3670,0,447,38,0,13,21,0,0,0,1
"198",198,1,8,0,14,3,24,0,32,0,3,1,0,10,1,0,59,2493,0,323,36,0,13,28,0,0,0,1
"199",199,2,7,0,25,4,30,0,52,0,3,1,0,9,4,0,59,2613,0,325,34,0,13,18,0,0,0,1
"200",200,10,6,0,29,3,26,0,50,0,5,4,0,8,3,0,60,2728,0,281,15,0,17,25,0,0,0,2
"201",201,5,4,1,22,5,18,0,54,0,8,4,0,11,1,0,63,2729,0,279,39,26,13,17,0,0,0,1
"202",202,3,6,0,20,7,15,0,43,0,5,3,0,10,1,0,62,2385,0,300,40,0,12,21,0,0,0,0
"203",203,2,10,0,15,4,24,0,36,0,5,1,0,10,3,0,58,2008,0,434,24,16,17,17,0,6,0,2
"204",204,7,4,0,12,8,27,0,54,0,2,3,0,12,4,0,59,2921,0,452,24,0,14,26,0,0,0,0
"205",205,3,2,0,18,7,37,5,54,0,2,4,0,8,4,0,62,3058,0,434,28,24,18,27,3,0,0,0
"206",206,5,9,0,17,5,12,0,51,0,4,3,0,12,1,0,63,2702,0,364,31,0,18,19,0,0,0,0
"207",207,9,8,0,24,7,38,0,36,0,5,1,0,9,3,0,62,2865,0,343,14,0,18,28,0,3,0,1
"208",208,4,7,0,21,5,26,0,38,0,8,3,0,11,3,0,58,3585,0,429,34,0,12,19,0,0,0,1
"209",209,7,7,0,28,8,31,0,40,0,6,4,0,9,2,0,64,3155,0,388,29,0,12,21,8,0,0,0
"210",210,5,5,5,31,4,29,0,36,0,4,2,0,11,3,0,61,3223,0,347,31,0,15,17,0,0,0,1
"211",211,1,2,0,13,7,40,4,52,0,3,4,0,12,4,0,61,2213,0,458,22,19,13,23,0,0,0,0
"212",212,1,9,0,26,5,19,0,41,0,8,4,0,12,1,0,60,2523,0,374,11,0,15,27,0,0,0,1
"213",213,6,9,0,32,5,29,0,51,0,7,1,0,11,2,0,64,3810,0,293,30,0,16,27,6,3,0,2
"214",214,1,1,1,20,2,13,0,35,0,6,4,0,11,4,0,63,2950,0,376,34,0,18,22,0,0,0,0
"215",215,4,8,0,32,4,14,2,43,0,2,1,0,12,3,0,61,2735,0,412,29,0,14,19,0,0,0,2
"216",216,7,3,0,22,5,34,0,50,0,3,4,0,10,4,0,61,2366,0,373,35,0,16,17,0,0,0,0
"217",217,10,10,0,20,8,36,0,45,0,4,4,0,8,3,0,58,2544,0,382,32,14,12,19,0,0,0,2
"218",218,3,10,0,19,6,22,0,45,0,5,3,0,8,2,0,63,2965,0,460,20,0,19,18,0,0,0,2
"219",219,3,7,0,15,4,35,0,37,0,6,2,0,9,3,0,63,2162,0,378,29,25,19,27,0,0,0,2
"220",220,6,8,0,24,2,27,0,53,0,5,2,0,11,4,0,58,2746,0,324,25,0,16,22,0,4,0,2
"221",221,10,3,0,12,3,19,0,34,0,5,2,0,8,1,0,64,3526,0,376,10,0,13,27,0,0,0,0
"222",222,1,3,0,28,3,13,0,47,0,4,2,0,11,4,0,62,3651,0,317,15,30,14,18,2,0,0,1
"223",223,8,5,0,16,6,18,0,42,0,6,3,0,10,1,0,63,3941,0,357,35,14,15,18,0,5,0,0
"224",224,3,10,0,17,4,23,0,49,0,6,2,0,9,1,0,58,3610,0,260,26,24,12,28,0,4,0,2
"225",225,7,1,0,25,6,12,0,46,0,2,3,0,12,4,0,59,2466,0,391,13,28,12,28,0,0,0,0
"226",226,6,3,0,17,6,38,0,50,0,3,2,0,12,2,0,64,3456,0,379,31,0,18,26,0,0,0,1
"227",227,3,10,0,18,7,35,0,45,0,3,3,0,8,3,0,64,2602,0,380,36,19,13,17,0,0,0,1
"228",228,3,2,0,16,6,20,0,46,0,7,2,0,10,2,0,61,3796,0,344,38,15,15,21,0,0,0,2
"229",229,1,7,0,13,3,11,0,33,0,7,1,0,11,2,0,64,3243,0,391,40,0,18,20,0,0,0,1
"230",230,3,4,0,22,4,15,0,40,0,5,4,0,8,2,0,59,3967,679,335,34,10,18,21,0,0,0,0
"231",231,8,8,0,25,3,23,0,41,0,2,2,0,10,1,0,59,2024,0,334,16,28,16,28,0,0,0,0
"232",232,9,9,0,18,2,12,0,48,0,6,2,0,12,1,0,63,2287,0,344,23,11,16,17,0,0,1,1
"233",233,2,2,0,32,2,15,0,48,0,5,4,0,9,3,0,58,2333,0,287,22,0,15,26,0,0,0,1
"234",234,9,3,0,28,6,13,0,32,0,6,1,0,9,1,0,61,3654,0,284,15,0,13,26,0,0,0,2
"235",235,9,7,0,19,3,19,0,34,0,8,2,0,9,1,0,60,2182,0,315,33,11,15,20,0,0,0,2
"236",236,8,2,0,32,6,23,0,46,0,4,3,0,11,4,0,63,3136,0,264,15,26,16,21,0,0,0,2
"237",237,5,8,5,30,8,25,0,35,0,3,1,0,10,3,0,62,2449,0,464,22,0,12,24,0,0,0,1
"238",238,7,1,0,15,6,26,0,42,0,7,1,0,11,1,0,59,2335,432,272,31,12,14,17,0,0,0,1
"239",239,4,2,0,27,6,14,0,45,0,5,3,0,11,1,54,61,3554,0,278,37,0,18,21,0,4,0,2
"240",240,8,9,0,26,7,13,0,43,14,5,4,0,8,2,0,63,2884,0,339,28,0,17,25,0,0,0,2
"241",241,1,7,0,17,5,14,0,47,0,3,4,0,9,2,0,62,2941,0,456,10,18,19,27,0,7,0,2
"242",242,4,4,0,24,3,28,0,39,0,5,3,0,8,2,0,64,2781,0,315,29,0,19,27,0,0,0,0
"243",243,4,9,0,21,8,26,7,50,20,4,4,0,11,4,0,60,2895,0,437,35,0,17,24,0,0,2,2
"244",244,10,6,0,27,2,40,0,36,0,8,2,0,9,3,0,58,2169,0,459,16,0,18,28,0,3,0,1
"245",245,8,7,0,21,4,28,0,36,0,8,4,0,12,2,0,64,2599,0,303,27,30,15,20,0,0,0,2
"246",246,4,4,0,12,3,36,0,51,0,3,1,0,8,2,0,61,3152,542,331,34,0,19,23,0,0,0,1
"247",247,2,2,0,25,8,23,0,55,0,2,2,0,8,1,0,58,3292,0,357,10,0,18,17,0,4,1,1
"248",248,4,6,0,28,4,28,0,44,0,2,1,0,11,1,0,61,2716,0,350,36,18,14,18,0,0,0,2
"249",249,2,2,0,16,5,21,0,34,11,2,3,0,12,1,0,63,3739,0,263,33,0,13,28,0,0,0,2
"250",250,8,1,0,19,3,11,0,42,18,5,2,0,8,1,0,60,2195,0,367,32,15,14,23,0,0,0,2
"251",251,9,8,0,21,2,31,0,34,0,2,1,0,12,3,0,62,3549,0,330,14,0,19,19,0,0,0,2
"252",252,10,5,0,19,8,27,0,49,0,6,1,0,8,1,0,60,3926,0,383,12,0,15,20,0,0,0,2
"253",253,8,7,0,22,3,29,0,41,0,4,3,0,10,1,0,64,3797,0,341,40,0,19,24,0,0,0,0
"254",254,2,6,0,15,3,13,0,45,0,5,2,0,9,2,0,61,3802,0,302,36,30,15,18,0,6,0,1
"255",255,5,3,0,23,3,19,0,33,0,4,3,7,9,4,0,58,2917,0,379,32,30,14,21,0,0,0,1
"256",256,2,2,0,20,4,35,0,48,0,7,4,0,11,1,0,63,3602,0,424,23,0,13,22,0,0,0,0
"257",257,10,5,0,12,3,35,0,33,0,7,3,0,11,3,0,59,3213,0,404,34,30,17,20,0,0,0,0
"258",258,4,4,0,22,7,17,0,55,0,8,1,0,11,1,0,61,3931,0,462,23,23,16,20,0,0,0,2
"259",259,5,5,0,14,3,17,0,32,0,4,2,0,10,2,0,59,2770,531,258,15,27,17,21,0,0,0,2
"260",260,7,5,0,12,2,21,0,43,0,2,3,0,10,1,0,60,3082,0,395,12,15,12,26,0,0,0,0
"261",261,7,3,0,28,7,26,0,48,0,5,3,0,10,2,0,64,3201,0,355,38,0,12,18,0,0,0,0
"262",262,9,4,0,19,2,37,0,44,0,7,1,0,11,4,0,60,2337,0,334,30,0,17,17,0,0,0,0
"263",263,5,7,0,20,7,33,0,34,0,8,2,0,10,4,0,63,2801,0,452,36,0,13,28,0,0,0,2
"264",264,10,4,0,21,7,17,0,48,0,7,1,0,12,4,0,60,3041,0,283,11,10,15,24,0,0,0,0
"265",265,5,5,0,22,7,19,0,55,0,8,1,0,11,1,0,59,2603,0,428,19,29,18,19,0,0,0,0
"266",266,5,7,0,28,5,20,0,48,0,5,4,0,10,3,0,61,3209,0,309,20,12,16,23,0,0,0,0
"267",267,4,5,0,18,5,27,0,45,0,6,3,0,11,4,0,64,2287,0,433,26,25,12,21,0,0,0,2
"268",268,9,7,0,12,3,36,0,34,0,5,4,0,8,4,0,62,3923,0,301,13,0,15,27,0,0,0,0
"269",269,4,1,0,21,8,20,0,43,0,5,1,0,10,4,0,63,2099,0,440,10,0,14,25,0,0,0,0
"270",270,7,1,0,27,6,32,6,51,0,7,2,0,10,4,0,62,2870,0,314,37,0,14,19,0,0,0,0
"271",271,2,5,0,14,8,29,0,35,0,8,3,0,10,2,0,61,2135,0,271,40,0,15,19,0,0,0,1
"272",272,6,10,0,23,7,12,0,33,0,2,3,0,11,4,0,62,2108,0,373,18,12,13,20,0,0,0,2
"273",273,7,8,0,16,8,36,4,36,0,5,2,0,9,1,0,62,2241,0,401,16,15,13,25,5,0,0,1
"274",274,1,7,0,18,8,20,0,50,0,2,4,0,10,4,0,58,3014,0,300,11,25,13,21,0,0,0,2
"275",275,8,1,0,26,7,23,0,32,0,7,3,12,8,4,0,64,2647,0,411,22,0,13,22,0,0,0,0
"276",276,2,1,0,19,6,28,0,37,0,2,4,0,9,4,0,59,2769,543,377,40,24,14,19,0,0,0,1
"277",277,10,2,0,32,7,17,0,40,0,2,4,0,12,3,0,63,3866,0,407,40,0,18,22,0,2,0,1
"278",278,5,9,0,19,6,28,0,36,0,2,2,0,9,3,0,63,2667,0,350,24,13,12,22,0,0,0,0
"279",279,8,4,0,19,8,30,0,41,0,3,2,0,10,4,0,62,2991,0,430,36,0,18,19,0,2,0,1
"280",280,3,6,0,24,4,25,0,50,0,5,3,0,10,3,0,60,2255,0,424,10,12,12,17,0,0,0,1
"281",281,4,1,0,21,4,11,0,52,0,5,4,0,10,3,0,62,2758,0,296,38,16,12,19,0,0,0,1
"282",282,6,9,0,26,5,19,0,38,0,7,4,0,12,3,0,63,2457,0,448,18,21,13,17,0,0,0,1
"283",283,1,2,0,31,6,10,0,34,0,4,3,0,11,1,0,58,3747,0,424,28,16,17,28,0,0,0,2
"284",284,9,8,0,17,8,40,0,43,0,3,2,0,8,1,0,58,3860,0,391,11,21,18,25,4,0,0,0
"285",285,6,5,0,23,8,10,0,47,0,5,4,0,11,1,0,64,2049,0,312,16,0,15,25,0,0,0,1
"286",286,8,4,0,26,5,18,0,51,0,6,2,0,12,3,0,62,3556,0,385,29,0,17,22,0,2,0,1
"287",287,6,7,0,21,6,31,0,41,0,3,3,0,10,2,0,62,3926,0,448,39,0,15,28,0,0,0,0
"288",288,8,9,0,30,8,28,0,37,0,2,1,0,12,4,0,59,3926,0,413,28,25,18,19,0,0,0,0
"289",289,10,7,0,20,4,29,0,35,0,8,1,0,10,4,0,63,3768,0,362,16,0,18,26,0,6,0,2
"290",290,3,4,0,27,2,25,0,39,0,6,4,0,12,1,0,64,3001,0,336,14,18,15,23,0,3,0,1
"291",291,4,4,0,15,4,17,0,51,0,6,4,0,10,4,56,59,3544,0,359,17,17,12,27,0,0,0,0
"292",292,7,10,0,26,8,13,0,52,0,3,3,0,12,3,0,61,2262,0,436,38,14,13,18,0,0,0,0
"293",293,1,8,0,30,3,22,0,55,0,7,1,0,12,3,0,63,2607,0,455,26,25,13,27,0,0,0,2
"294",294,3,1,0,14,8,32,0,39,0,8,4,0,10,4,0,63,3940,0,412,26,0,18,19,0,0,0,1
"295",295,2,3,0,25,8,29,0,37,0,7,3,0,11,1,0,61,3333,0,396,10,28,17,28,0,0,0,1
"296",296,5,6,0,27,6,17,0,49,0,3,1,0,10,2,0,58,2605,0,403,24,0,14,26,0,0,0,0
"297",297,5,6,0,12,3,13,0,37,0,8,3,12,9,1,0,63,3455,0,344,32,0,15,28,0,0,0,0
"298",298,1,2,0,18,2,36,0,52,0,4,2,0,11,3,0,58,3094,0,334,40,17,14,28,0,0,0,1
"299",299,7,2,0,23,7,37,0,50,11,5,2,0,9,2,0,64,3782,0,417,12,13,15,20,0,0,0,1
"300",300,9,9,0,19,4,28,0,48,0,4,1,0,9,2,0,59,3327,0,295,28,20,17,22,0,0,0,2
"301",301,6,7,0,24,6,29,0,33,0,8,2,0,9,1,0,61,2154,555,337,26,0,15,24,0,4,1,1
"302",302,7,6,0,23,2,10,0,45,0,7,4,0,9,3,0,64,3044,0,315,39,28,16,18,0,0,0,2
"303",303,9,10,0,16,5,19,0,48,0,6,2,0,9,3,50,61,3993,0,373,37,18,18,25,0,0,0,1
"304",304,5,10,0,25,2,10,0,37,0,2,2,0,11,3,0,61,2462,0,374,32,27,14,17,0,0,3,0
"305",305,8,2,0,24,7,23,0,36,0,8,2,0,8,4,0,63,3061,0,453,30,0,14,17,0,0,0,0
"306",306,3,10,0,14,7,31,0,52,0,4,4,0,12,4,0,62,3201,0,418,22,0,17,24,0,6,0,2
"307",307,2,10,0,13,6,13,0,36,0,6,3,0,12,1,0,61,3410,0,375,29,0,17,24,0,0,0,2
"308",308,5,3,0,29,2,32,6,44,0,8,1,0,11,2,0,62,3538,0,399,34,0,17,24,0,0,0,1
"309",309,9,2,0,32,4,26,0,50,0,5,2,0,11,1,0,62,3578,0,381,15,0,13,18,0,0,0,0
"310",310,3,3,0,16,3,38,0,48,0,5,3,0,10,2,0,59,3363,0,330,28,30,19,24,0,0,0,0
"311",311,9,6,0,17,7,13,0,52,0,8,4,0,9,1,0,58,2824,0,375,37,26,16,28,0,0,0,0
"312",312,1,6,0,27,3,27,0,47,0,5,1,0,12,3,0,58,2280,0,357,21,0,19,17,0,0,0,1
"313",313,7,4,0,24,8,18,0,55,0,3,2,0,10,2,0,62,2762,0,410,38,0,17,28,0,0,0,0
"314",314,8,6,0,30,2,21,0,34,14,2,3,0,11,3,0,62,2825,0,297,37,0,17,23,0,0,2,1
"315",315,3,1,0,17,7,39,0,34,0,3,3,0,10,1,0,60,2653,0,424,26,0,19,25,0,0,0,0
"316",316,2,8,0,23,8,27,0,32,0,6,3,0,11,3,0,59,2750,0,432,23,20,19,19,0,0,0,2
"317",317,1,1,0,13,6,17,0,47,0,4,3,0,10,1,0,62,3807,0,298,24,0,12,18,0,0,0,2
"318",318,7,1,0,22,3,21,0,40,0,4,4,0,11,3,0,59,2423,0,343,31,25,17,22,0,0,0,0
"319",319,8,4,0,28,7,11,0,43,0,2,1,0,10,4,0,63,3351,0,283,19,21,13,20,0,2,0,0
"320",320,6,7,0,16,4,19,0,55,0,5,2,0,11,2,0,64,3178,0,298,14,16,14,27,0,0,0,0
"321",321,8,2,0,27,5,18,0,55,0,3,4,0,12,3,0,61,3217,0,376,29,0,13,25,0,0,0,1
"322",322,9,3,0,30,3,12,0,52,13,5,4,0,12,3,0,59,3767,0,326,29,11,19,27,0,0,0,1
"323",323,9,5,0,13,3,35,0,50,0,5,3,0,9,4,0,61,3481,0,328,18,0,17,25,0,0,0,0
"324",324,8,3,0,21,6,32,0,52,0,7,4,0,10,2,0,58,2872,0,329,15,21,16,17,0,0,0,0
"325",325,7,5,2,32,6,23,0,54,0,4,1,0,11,3,0,60,3647,0,444,40,0,19,17,0,0,0,1
"326",326,10,10,0,32,4,33,0,35,0,6,3,0,11,2,0,62,3217,0,334,24,12,15,17,0,0,0,0
"327",327,2,6,0,14,4,21,0,43,0,4,1,0,9,3,0,64,2756,0,331,23,0,18,19,0,0,0,0
"328",328,1,3,0,19,4,21,3,33,0,4,1,0,9,2,0,58,2539,0,454,25,10,14,22,0,2,0,0
"329",329,10,6,0,17,6,21,0,36,0,7,2,0,10,4,0,62,2254,0,335,34,0,18,25,0,0,0,1
"330",330,8,4,0,15,3,33,0,49,0,2,2,0,10,3,0,63,2255,0,409,37,26,15,20,0,2,0,1
"331",331,3,8,0,26,2,40,0,33,0,7,2,0,11,4,0,58,3319,0,275,19,0,19,19,0,0,0,2
"332",332,6,8,0,14,5,37,0,45,0,8,3,0,8,4,0,61,2838,0,298,29,0,14,21,0,0,0,2
"333",333,7,3,0,15,2,35,0,32,0,2,4,0,9,3,0,63,3074,404,309,20,0,15,19,0,0,0,1
"334",334,8,8,0,31,7,35,0,51,0,7,3,0,9,2,0,63,2452,0,358,24,13,16,21,0,0,0,0
"335",335,1,5,0,30,8,23,0,38,0,3,4,0,10,4,0,64,2172,0,385,27,0,12,26,0,0,2,0
"336",336,4,1,0,14,4,39,0,41,0,8,1,0,11,1,0,62,3100,0,378,20,0,14,25,0,0,0,0
"337",337,7,8,0,30,5,15,0,50,0,6,1,17,11,1,0,63,3788,0,409,22,11,19,20,0,0,0,1
"338",338,6,7,0,30,7,10,0,39,0,8,4,0,10,4,0,63,3515,0,410,36,0,18,23,0,0,0,1
"339",339,3,5,0,14,3,27,0,53,0,2,4,0,9,1,0,62,3053,0,282,23,0,16,22,6,6,0,2
"340",340,9,10,0,19,5,10,0,40,0,8,4,0,8,3,50,58,3935,0,327,18,14,18,24,0,0,0,0
"341",341,7,7,0,29,8,11,0,32,0,7,3,0,9,1,0,61,3323,0,439,31,0,15,25,0,0,0,2
"342",342,4,6,0,17,8,27,0,38,0,4,4,0,9,4,0,59,3917,0,418,15,0,12,24,0,0,0,2
"343",343,3,10,0,19,4,35,0,38,0,6,4,0,8,3,0,62,3095,0,342,37,0,16,25,0,0,0,2
"344",344,4,9,1,31,7,37,0,40,0,8,1,0,8,1,0,62,3637,0,423,34,0,12,25,0,0,0,2
"345",345,7,6,0,12,6,36,0,33,0,2,2,0,11,3,0,60,2585,0,377,33,23,18,19,0,0,0,2
"346",346,8,5,0,25,5,36,0,43,18,7,2,0,11,4,0,63,2697,0,344,16,26,18,21,0,0,0,1
"347",347,8,2,0,15,6,33,0,48,0,2,3,0,8,2,0,64,2231,0,269,22,17,16,26,0,0,0,1
"348",348,4,9,0,27,3,13,0,35,0,2,2,0,9,1,0,58,2528,0,272,40,0,13,25,0,0,0,2
"349",349,1,2,0,16,3,27,0,51,0,3,4,0,10,2,0,63,3206,0,291,22,0,12,28,8,8,0,1
"350",350,5,2,0,13,6,14,0,54,0,7,2,0,8,2,0,59,3337,0,363,28,15,16,28,0,0,0,0
"351",351,4,4,0,27,5,11,0,41,0,8,1,0,12,4,0,58,2013,659,318,34,0,18,17,0,0,0,0
"352",352,2,2,0,14,5,18,0,49,0,7,1,0,10,4,0,62,2005,0,342,34,17,17,20,0,0,0,1
"353",353,6,6,0,24,8,29,0,37,0,3,2,0,11,1,0,62,3174,0,269,29,0,14,24,0,0,0,2
"354",354,4,7,0,29,7,37,0,33,0,8,4,0,11,4,0,58,2765,0,463,16,14,17,20,0,0,0,1
"355",355,9,4,0,19,8,13,4,44,0,3,2,0,8,2,0,60,3481,0,463,38,25,13,23,0,0,0,2
"356",356,2,8,0,14,4,30,0,38,0,7,3,0,12,4,62,60,3589,0,440,31,22,18,18,0,0,0,0
"357",357,10,10,0,16,3,21,0,43,0,2,1,0,11,3,0,63,3724,0,443,19,0,16,20,0,0,0,0
"358",358,3,2,0,22,3,28,0,49,0,2,4,0,8,3,0,60,3299,0,294,23,0,14,22,0,0,0,2
"359",359,4,1,0,21,8,16,0,43,0,5,4,0,8,1,0,64,3289,0,286,28,18,12,23,0,5,0,1
"360",360,7,4,0,17,7,35,0,37,0,4,4,0,11,4,0,62,3797,0,353,34,0,17,23,0,0,0,0
"361",361,7,2,0,13,2,34,0,52,0,2,4,0,8,3,0,60,3779,0,305,15,26,18,19,0,0,0,1
"362",362,1,8,0,13,6,21,0,44,0,2,3,0,9,1,0,59,2308,0,356,28,0,19,25,0,0,0,0
"363",363,8,7,0,16,2,24,0,52,0,7,1,0,10,3,0,62,3055,0,384,22,0,19,19,0,0,0,1
"364",364,1,6,0,22,3,36,0,55,0,3,2,0,12,4,0,61,2527,0,355,20,24,15,24,0,0,0,0
"365",365,2,1,0,12,3,17,0,36,0,6,1,0,10,2,0,64,2814,0,352,34,12,15,24,0,0,0,2
"366",366,1,2,0,24,4,31,0,47,0,8,4,0,12,1,0,59,2401,0,337,29,13,19,22,0,0,0,2
"367",367,2,4,0,18,4,18,0,52,0,6,3,0,8,2,0,61,2777,0,456,15,0,15,24,0,0,0,0
"368",368,6,2,0,12,6,40,0,46,0,2,4,0,10,1,61,58,2884,0,365,16,0,17,22,0,0,0,0
"369",369,8,2,0,27,4,26,0,50,0,6,4,0,9,2,0,59,2212,0,316,22,0,17,18,0,0,0,1
"370",370,7,2,0,28,4,39,0,38,0,5,2,0,12,2,0,64,3932,0,275,11,15,14,22,0,0,0,2
"371",371,9,10,0,18,3,10,0,52,0,2,1,0,10,3,0,62,2134,0,420,23,0,16,26,0,0,0,2
"372",372,4,3,0,24,2,27,0,35,0,7,1,0,8,4,0,61,2765,0,385,24,0,18,28,0,6,0,1
"373",373,7,6,0,30,2,11,0,44,19,7,4,0,9,1,0,64,3752,0,424,33,0,19,23,0,0,0,1
"374",374,7,4,0,23,3,19,0,50,0,3,3,0,10,3,0,63,2920,0,442,14,22,19,24,0,0,0,2
"375",375,5,10,5,21,3,14,0,48,0,3,2,0,11,2,0,63,3742,0,303,39,19,12,20,0,0,0,1
"376",376,1,3,0,32,3,32,0,48,0,3,1,0,8,3,0,63,3465,0,363,30,0,14,18,0,0,2,2
"377",377,8,1,0,29,7,40,0,36,0,2,1,0,8,2,0,61,3079,0,429,40,0,12,24,0,0,0,2
"378",378,3,2,0,31,3,37,0,32,0,3,4,0,9,4,0,61,2817,0,388,10,11,19,24,0,0,1,2
"379",379,8,8,0,23,6,26,0,45,0,2,3,0,10,4,0,61,3888,0,411,15,0,12,19,0,0,0,0
"380",380,4,3,5,27,2,35,0,38,0,3,3,0,8,2,0,64,2100,0,274,29,28,12,22,0,0,0,1
"381",381,4,9,3,32,6,18,0,52,0,3,2,0,12,1,0,60,3069,0,420,38,0,15,28,0,0,0,2
"382",382,3,10,0,30,3,29,0,34,0,2,4,0,11,3,0,63,2435,0,411,34,11,16,25,0,0,0,1
"383",383,8,6,0,16,7,30,0,34,0,2,2,0,9,1,0,61,2777,672,356,19,0,15,24,0,0,0,1
"384",384,3,6,0,17,4,23,0,32,0,4,1,0,10,2,0,60,2495,0,463,26,0,13,23,0,0,0,0
"385",385,3,10,0,19,8,26,0,37,0,8,2,0,12,4,0,62,2252,0,272,31,20,13,26,0,0,0,1
"386",386,7,6,0,28,7,23,0,52,0,8,3,0,12,1,0,59,2789,0,446,39,0,12,18,0,0,0,1
"387",387,8,4,0,31,2,40,0,34,0,2,3,0,12,4,0,61,2359,0,313,21,11,12,25,0,0,0,1
"388",388,6,7,0,19,4,25,0,39,0,3,1,0,10,2,0,64,3456,434,299,34,0,17,28,0,0,0,2
"389",389,3,3,0,25,4,17,0,46,0,6,1,0,11,3,0,60,3970,0,356,37,29,13,19,0,0,0,1
"390",390,2,10,0,24,3,38,0,53,18,3,2,0,12,4,0,60,3912,607,283,31,0,18,25,4,0,0,1
"391",391,1,9,0,19,2,31,0,47,15,5,3,0,10,2,0,64,2306,0,302,26,0,17,22,0,0,0,0
"392",392,9,6,0,26,2,24,0,45,0,6,3,0,8,3,0,61,2006,0,265,23,0,19,18,0,0,0,1
"393",393,9,7,0,15,2,37,0,45,0,5,4,0,10,2,0,63,2441,0,388,40,0,13,19,0,0,0,0
"394",394,5,8,0,31,6,13,0,37,0,7,1,0,12,3,0,59,3180,0,302,10,0,18,24,0,0,0,2
"395",395,1,3,0,23,8,29,0,50,13,6,2,0,8,4,0,59,2375,0,451,40,10,16,26,0,0,0,1
"396",396,4,3,3,16,6,32,0,32,0,6,3,0,11,4,0,60,2354,0,336,37,0,18,23,0,0,0,2
"397",397,9,9,0,24,5,20,0,46,0,5,2,0,9,4,0,64,3521,407,389,18,18,19,28,0,0,0,2
"398",398,2,7,0,32,3,21,0,52,0,3,2,0,8,2,0,64,3819,0,332,33,22,18,19,0,0,0,1
"399",399,5,7,0,21,8,34,0,44,0,6,3,0,8,1,0,61,2855,0,417,19,0,13,21,0,6,0,1
"400",400,2,6,0,22,2,38,0,37,0,3,1,0,12,4,0,62,2944,0,277,28,24,16,27,0,0,0,0
"401",401,1,9,0,13,4,36,0,36,0,8,2,0,11,3,0,63,3274,0,297,18,27,17,25,0,0,0,0
"402",402,9,5,3,23,3,22,0,45,0,4,3,0,8,2,0,59,2974,0,309,22,12,19,25,0,0,0,1
"403",403,4,10,0,14,5,12,0,34,0,6,4,0,11,3,0,63,3247,0,428,27,10,13,24,0,0,0,1
"404",404,1,6,0,29,4,21,0,48,0,6,2,0,11,2,0,63,2304,0,431,28,19,19,21,0,5,0,2
"405",405,6,7,0,24,7,32,0,51,0,4,2,0,9,1,0,58,2300,0,291,22,0,15,18,0,0,0,1
"406",406,4,6,0,26,2,27,0,41,0,4,2,10,10,4,52,63,2065,0,449,32,13,16,28,0,0,0,2
"407",407,2,3,5,27,8,22,0,42,0,5,3,0,8,2,60,63,2369,0,354,10,16,14,21,0,0,0,1
"408",408,3,1,0,14,5,13,0,51,14,6,1,0,9,2,0,64,3249,0,332,33,0,19,26,0,0,0,1
"409",409,7,2,0,12,2,21,0,45,0,7,4,0,8,2,0,62,3165,0,361,28,0,12,20,0,3,0,2
"410",410,9,4,0,19,5,15,0,50,0,2,1,0,9,3,0,63,3588,0,457,40,16,13,23,0,0,0,1
"411",411,10,1,0,25,2,10,0,51,0,2,3,0,10,4,0,61,3315,0,440,31,0,17,18,0,0,0,0
"412",412,10,10,0,24,7,38,0,36,0,6,3,0,10,1,0,59,2991,0,405,34,0,17,17,0,0,0,1
"413",413,8,4,0,15,8,12,0,48,0,8,4,0,9,1,0,58,3419,0,318,40,0,13,21,0,2,0,2
"414",414,3,3,5,32,5,38,0,33,0,7,4,0,9,3,0,60,2904,0,387,28,0,16,26,0,0,0,2
"415",415,2,1,0,14,4,39,0,49,0,2,2,14,9,3,0,60,2302,0,386,40,22,15,28,0,0,2,1
"416",416,9,8,0,21,3,31,0,53,0,4,3,0,12,1,0,62,2286,0,434,15,15,12,17,0,2,0,2
"417",417,10,6,0,32,3,31,0,54,0,6,4,0,8,3,0,58,3134,554,438,32,0,15,26,0,0,0,0
"418",418,2,2,0,20,8,28,0,35,0,6,1,0,9,1,0,63,2307,400,388,19,26,12,24,0,0,0,2
"419",419,6,2,0,22,6,15,0,55,0,6,1,0,9,2,0,58,2136,0,390,19,20,12,20,0,0,0,1
"420",420,4,1,0,28,2,33,0,40,0,6,4,0,8,3,0,58,2983,0,281,32,0,17,21,2,7,0,2
"421",421,7,5,0,21,5,28,0,39,0,4,4,0,11,4,0,62,3320,0,464,20,19,17,28,0,0,1,2
"422",422,9,8,0,29,2,18,0,52,0,5,2,0,11,1,0,59,2761,0,316,11,0,13,19,0,0,0,2
"423",423,3,4,2,30,3,30,0,51,0,2,3,0,10,3,0,59,3276,0,295,10,19,12,19,0,0,0,1
"424",424,6,10,0,20,2,21,0,35,0,3,4,0,8,1,51,62,2266,0,427,38,13,18,21,0,4,0,0
"425",425,10,6,0,15,5,34,0,40,0,5,1,0,10,1,0,60,3170,0,334,10,16,19,22,0,0,0,1
"426",426,10,4,2,31,3,22,0,42,0,8,4,0,12,1,53,60,3438,0,371,10,30,14,22,0,0,0,0
"427",427,5,5,0,14,2,22,0,40,11,3,2,0,12,1,0,58,2078,0,394,16,0,15,21,0,0,0,2
"428",428,1,2,0,25,6,11,0,46,0,4,3,0,10,4,0,60,3209,0,371,26,0,13,24,0,5,0,1
"429",429,5,4,0,17,6,10,0,37,0,8,4,0,8,4,0,58,2168,0,403,15,0,17,21,0,0,0,2
"430",430,3,6,1,28,3,16,0,37,16,4,2,11,11,4,0,63,3572,450,282,35,17,18,17,0,0,0,2
"431",431,7,8,0,20,4,12,0,40,0,8,4,0,8,3,0,63,3687,0,296,40,0,14,27,0,0,0,1
"432",432,1,5,0,25,7,18,0,39,0,2,3,0,9,2,56,61,2585,0,265,26,30,16,21,0,0,0,1
"433",433,2,2,0,24,5,15,0,44,0,4,2,0,9,3,0,60,3377,0,358,31,17,14,25,6,0,0,1
"434",434,5,10,0,27,6,33,0,50,0,2,1,0,9,2,0,64,3854,0,276,17,19,17,28,0,0,0,2
"435",435,2,7,0,30,3,37,0,42,0,8,2,0,12,2,0,63,3962,639,291,29,11,18,28,0,0,0,2
"436",436,8,3,0,20,7,37,0,49,0,7,1,0,9,4,0,62,2554,0,284,15,15,17,17,0,6,0,1
"437",437,8,6,0,31,3,14,0,42,0,7,3,0,9,2,0,58,2457,0,310,21,0,16,19,0,0,0,0
"438",438,1,5,0,29,5,28,0,55,0,8,1,0,9,3,0,58,3596,0,258,21,15,14,23,0,0,0,1
"439",439,6,8,0,15,6,19,0,54,0,4,2,0,8,3,0,64,2559,0,387,18,11,18,18,0,0,0,2
"440",440,3,6,5,15,6,19,0,40,0,2,2,0,11,1,0,59,2931,0,433,33,27,14,26,0,0,0,2
"441",441,9,2,0,12,3,38,0,48,0,6,4,0,9,3,0,61,2515,0,311,37,21,12,27,0,0,0,2
"442",442,9,8,0,22,4,36,0,44,16,5,2,0,10,3,0,59,2083,0,406,29,0,12,24,0,0,0,2
"443",443,9,8,0,13,8,12,0,34,0,8,1,0,12,1,0,58,2123,0,343,21,12,18,19,0,3,0,2
"444",444,7,4,0,28,5,15,0,55,0,6,2,0,8,4,0,63,3896,0,321,13,0,13,18,0,0,0,0
"445",445,7,6,0,27,4,30,0,36,0,2,2,0,12,2,0,64,2740,0,348,32,0,16,25,0,0,0,2
"446",446,9,6,0,16,4,28,0,41,0,3,3,0,11,2,0,61,2486,0,370,32,0,15,21,0,3,0,0
"447",447,4,9,0,17,5,19,0,32,0,2,4,0,8,1,0,61,3011,0,305,12,0,12,24,0,0,0,0
"448",448,1,3,0,21,3,25,0,49,0,8,3,0,12,3,0,61,2328,0,388,20,0,13,28,0,8,0,2
"449",449,5,3,0,17,6,40,0,53,0,2,1,0,8,4,0,58,3539,0,457,20,0,16,26,0,0,0,0
"450",450,9,8,3,23,7,40,0,40,0,3,1,0,11,3,62,60,2353,0,357,24,14,17,24,0,5,0,2
"451",451,7,9,0,23,2,38,0,32,0,8,2,13,10,4,0,62,3588,0,332,11,0,14,24,0,0,0,2
"452",452,9,1,0,30,2,17,0,40,0,3,3,0,10,2,50,59,3223,0,400,39,0,15,19,0,0,0,0
"453",453,8,8,0,22,6,12,0,36,0,7,3,0,9,1,0,62,2646,0,364,11,0,12,21,0,0,0,2
"454",454,8,6,0,21,8,21,0,48,0,6,3,0,9,4,0,63,2863,0,443,33,0,12,21,0,0,0,0
"455",455,3,1,0,29,8,32,0,40,0,5,3,0,9,1,0,63,2320,0,399,40,22,18,25,0,5,0,2
"456",456,8,9,0,21,2,39,0,47,0,6,1,0,12,1,0,64,3220,0,438,18,0,19,19,0,0,0,1
"457",457,4,3,0,18,7,34,0,52,0,7,4,0,11,3,0,58,2223,0,281,19,0,16,24,0,4,0,0
"458",458,8,6,0,22,7,35,0,37,0,7,4,0,12,4,0,61,3426,0,410,21,0,17,25,0,0,0,0
"459",459,1,6,0,16,7,10,0,42,0,6,2,0,12,2,0,63,3702,0,372,22,0,17,18,0,0,0,1
"460",460,4,1,0,24,8,29,0,36,0,2,2,0,10,4,0,58,2807,0,428,40,0,18,25,0,2,0,2
"461",461,6,10,4,28,4,36,0,34,0,2,1,0,11,4,0,59,3786,0,275,15,28,16,28,0,0,0,1
"462",462,8,8,0,28,4,39,0,48,0,2,4,16,12,2,0,62,2028,0,305,17,0,17,20,0,0,0,0
"463",463,7,9,0,13,4,15,0,48,0,7,1,0,9,1,0,61,2574,0,393,20,20,18,18,0,0,0,0
"464",464,9,2,0,25,4,25,0,46,0,3,4,0,9,4,0,62,3578,0,284,24,0,18,24,0,0,0,2
"465",465,5,6,0,15,8,12,0,47,0,8,1,0,10,2,0,59,2208,0,435,27,0,15,27,0,0,0,1
"466",466,8,2,0,14,3,25,0,48,0,8,1,0,11,4,0,60,3793,0,348,26,0,12,20,0,7,0,1
"467",467,8,7,0,25,5,28,0,46,0,6,2,0,12,4,0,60,2147,0,405,22,0,19,19,0,7,0,1
"468",468,6,5,0,14,3,30,0,49,0,6,3,0,10,2,0,60,2931,0,265,39,0,15,22,0,0,0,0
"469",469,4,1,0,13,3,38,0,33,0,7,3,10,11,4,0,61,2999,0,309,10,17,13,23,0,0,0,1
"470",470,9,4,0,15,3,13,0,46,0,5,4,0,10,4,0,59,3348,0,388,10,30,12,26,0,0,0,0
"471",471,1,4,5,29,8,26,0,51,0,3,1,0,10,1,0,58,2667,0,307,23,0,16,22,4,8,0,0
"472",472,2,3,0,20,7,23,0,47,0,6,1,0,11,1,0,62,3175,0,460,40,0,19,27,0,0,0,0
"473",473,2,6,0,21,3,37,0,55,0,2,2,0,9,4,0,59,2853,0,425,15,20,17,23,0,0,0,2
"474",474,8,8,0,30,3,14,0,43,0,5,1,0,12,3,61,58,2557,542,414,25,12,17,26,0,0,0,1
"475",475,1,5,0,19,5,11,0,39,0,5,2,0,8,2,0,61,2130,0,303,23,0,15,22,0,0,0,0
"476",476,2,7,0,19,5,15,0,37,0,7,3,0,8,3,0,58,3441,0,267,23,27,17,18,0,0,0,2
"477",477,8,4,0,16,7,32,3,53,0,3,2,0,8,4,0,63,2277,0,418,20,26,13,22,0,0,0,0
"478",478,7,9,0,18,6,32,0,38,0,3,3,0,8,2,0,63,2950,0,427,37,0,12,24,0,0,0,0
"479",479,2,3,0,15,7,27,0,47,0,8,4,0,11,4,0,59,2900,0,305,16,0,15,23,0,0,0,0
"480",480,4,6,0,32,7,28,0,47,0,3,3,0,11,1,0,60,3063,0,325,31,0,17,22,4,5,0,2
"481",481,8,8,0,22,2,29,0,32,0,3,4,0,12,1,0,59,3771,0,429,36,25,19,19,0,0,0,0
"482",482,10,10,0,22,7,14,0,48,0,5,1,0,10,3,0,64,3861,0,301,20,22,18,27,0,0,0,0
"483",483,9,4,0,23,2,18,0,37,0,7,4,0,9,3,0,59,3560,0,419,33,0,14,25,0,0,0,1
"484",484,5,7,0,30,6,32,0,52,0,8,3,0,11,1,0,64,2847,0,399,35,22,12,26,0,0,0,0
"485",485,5,6,0,22,5,23,4,45,0,2,3,16,11,4,0,64,2759,0,367,36,0,16,25,0,0,0,2
"486",486,5,2,0,15,8,21,0,55,0,6,3,0,11,2,0,59,3036,0,295,40,0,15,27,0,0,0,0
"487",487,7,8,0,22,4,32,0,38,0,3,4,0,11,3,0,59,3598,0,261,31,12,12,21,0,2,0,2
"488",488,6,4,0,28,7,40,0,43,0,8,3,0,10,1,0,62,3403,0,285,16,13,17,28,0,0,0,2
"489",489,3,6,0,27,7,28,7,33,0,8,2,0,8,1,0,58,3606,0,327,38,0,19,18,0,0,0,0
"490",490,4,8,0,19,4,17,0,40,0,2,2,0,10,2,0,60,3749,0,307,24,20,14,18,7,0,0,0
"491",491,6,6,0,13,3,10,0,38,0,5,3,15,10,1,0,62,3994,0,323,13,0,19,19,0,0,0,2
"492",492,2,6,0,21,3,34,0,47,0,2,1,0,8,1,0,64,2459,0,378,27,28,13,28,0,0,0,1
"493",493,9,9,0,22,6,30,0,50,0,2,4,0,11,4,0,60,2164,0,386,18,0,19,25,0,0,0,0
"494",494,1,6,0,21,7,24,0,52,0,7,1,8,11,4,0,61,3412,0,402,33,0,12,19,0,0,0,1
"495",495,8,8,0,27,4,29,0,32,0,8,4,0,10,3,0,62,2694,0,426,14,0,14,28,0,0,0,1
"496",496,5,6,0,27,3,38,0,53,0,7,4,0,12,2,0,59,2749,0,446,37,21,13,28,0,0,0,0
"497",497,5,3,0,21,4,38,0,53,0,8,1,0,12,3,0,58,2678,0,283,37,0,13,24,0,0,0,0
"498",498,8,2,0,29,4,33,0,46,0,5,2,0,12,4,0,58,3281,0,400,15,0,17,17,0,0,0,1
"499",499,2,2,0,22,4,35,0,44,0,5,4,0,10,1,0,58,2377,0,458,14,22,14,20,0,4,0,1
"500",500,6,1,0,32,5,36,0,44,0,2,3,12,11,3,62,61,3085,0,385,37,0,16,26,0,6,0,1
"501",501,4,5,2,26,2,25,0,36,0,6,1,0,8,2,0,60,2156,0,296,40,0,15,28,0,0,0,2
"502",502,9,7,2,30,6,22,0,44,0,7,2,0,12,2,0,61,2902,0,458,27,24,15,27,0,0,0,2
"503",503,8,3,0,28,2,27,0,32,0,2,4,0,12,1,0,64,3156,0,300,24,0,18,22,0,0,0,1
"504",504,10,1,0,12,6,17,0,47,0,7,1,0,10,4,0,64,2164,0,295,38,0,19,17,0,0,0,2
"505",505,8,1,0,17,5,31,0,34,0,4,3,0,11,4,50,63,3841,0,308,17,0,17,28,2,0,0,0
"506",506,1,5,0,25,7,31,0,52,0,5,1,0,11,1,0,63,3400,0,413,16,15,14,17,0,0,0,1
"507",507,4,10,0,12,8,31,0,53,0,4,3,0,12,1,0,62,3963,0,391,11,0,18,22,0,0,0,1
"508",508,5,9,0,30,8,18,0,36,0,2,1,0,10,3,0,58,3593,0,442,11,0,12,18,0,0,0,2
"509",509,5,6,0,27,7,25,0,35,0,7,3,0,12,4,0,60,3300,0,347,22,29,17,24,0,6,0,2
"510",510,6,8,0,29,4,32,0,36,0,6,2,0,11,4,0,64,3277,0,402,22,0,15,25,0,0,0,0
"511",511,4,3,0,32,4,20,0,32,0,3,4,0,10,1,0,58,3041,0,272,35,22,15,21,0,0,0,2
"512",512,9,4,0,29,6,22,0,46,0,7,3,0,12,4,0,59,2122,0,410,38,0,15,18,0,0,0,2
"513",513,7,10,0,21,5,21,0,40,0,3,2,0,8,1,0,63,3779,0,307,29,0,16,21,0,0,0,2
"514",514,6,5,0,21,6,33,0,43,0,3,2,0,9,4,0,63,3344,0,404,11,0,12,17,0,0,0,0
"515",515,9,6,0,17,2,11,0,51,0,6,3,0,8,1,0,61,2293,0,414,13,0,15,17,0,0,0,0
"516",516,3,6,0,21,8,10,0,50,20,2,2,0,8,3,0,63,3286,0,379,40,21,17,25,0,0,0,1
"517",517,10,4,0,27,8,30,0,32,0,8,4,0,12,4,0,60,2081,544,400,24,26,12,26,0,0,0,2
"518",518,5,10,4,25,7,32,0,36,0,4,3,0,12,2,0,59,2877,0,378,35,0,13,26,0,0,0,0
"519",519,2,4,0,28,8,21,0,46,0,6,3,0,8,3,0,64,2360,0,379,38,0,13,20,0,0,0,1
"520",520,5,7,0,13,4,14,0,46,0,4,1,0,9,4,0,63,2079,0,464,27,0,18,25,0,5,0,0
"521",521,2,5,0,30,5,31,0,51,0,4,4,0,10,4,51,60,2599,0,365,11,0,13,27,0,0,0,1
"522",522,7,1,0,24,2,32,0,49,0,2,4,0,10,2,0,63,3077,0,367,25,12,17,24,0,0,0,0
"523",523,10,10,0,19,8,20,0,43,0,2,2,0,11,3,0,61,2893,0,441,17,0,19,22,0,4,0,2
"524",524,6,7,0,27,8,37,0,43,0,2,3,0,12,4,0,58,2548,0,428,15,10,16,20,0,0,0,0
"525",525,10,3,0,25,5,40,0,33,0,3,4,0,9,2,0,64,2740,0,272,22,13,18,22,0,0,0,2
"526",526,8,9,0,13,4,38,0,46,0,5,4,0,11,1,0,64,2056,0,367,11,0,17,18,0,0,0,2
"527",527,8,7,0,26,8,38,0,43,0,3,1,0,11,1,0,58,2503,0,270,16,0,12,28,0,0,0,2
"528",528,6,3,0,15,3,10,0,52,0,3,4,0,8,3,54,63,2515,0,391,17,30,13,24,0,0,0,1
"529",529,7,10,0,21,6,39,0,48,0,3,4,0,9,2,0,58,3358,0,411,25,27,14,25,0,0,0,2
"530",530,8,9,0,14,3,28,0,42,0,4,2,0,9,4,0,59,3750,0,280,35,20,16,19,0,0,0,2
"531",531,1,4,0,20,3,34,0,52,0,2,2,0,10,2,0,58,2690,0,354,29,0,15,28,0,0,0,2
"532",532,4,10,0,28,4,13,0,35,0,6,1,0,11,1,0,61,3344,0,464,19,12,14,21,0,0,0,0
"533",533,1,7,0,12,3,17,0,44,0,4,3,0,10,4,0,64,3711,0,456,37,12,18,19,0,0,0,0
"534",534,9,6,0,24,4,22,0,46,0,6,1,0,9,3,0,60,3544,0,395,17,0,13,23,0,0,0,2
"535",535,9,3,0,23,4,25,0,51,0,5,2,0,9,1,0,62,3729,0,407,33,0,17,20,0,0,0,0
"536",536,9,1,0,27,2,23,0,44,0,7,4,0,11,3,0,61,2625,0,460,27,28,19,27,0,0,0,0
"537",537,3,2,0,21,5,24,0,39,0,8,3,0,8,3,0,63,2854,0,347,20,0,13,22,0,0,0,0
"538",538,6,2,0,16,2,33,0,53,0,6,4,0,8,1,0,61,2893,0,275,18,11,17,17,0,0,0,2
"539",539,5,2,0,21,2,35,0,50,0,6,4,0,10,3,0,62,2430,0,323,37,11,19,22,0,0,0,0
"540",540,3,2,0,27,2,11,0,34,0,5,3,0,12,1,0,61,2661,0,392,19,0,14,20,0,0,0,0
"541",541,9,6,0,26,6,31,0,41,0,4,1,0,12,1,0,61,2891,0,390,33,0,18,22,0,0,0,1
"542",542,4,2,0,29,7,40,0,50,0,4,2,0,12,3,0,58,3963,0,333,18,0,17,24,0,0,0,2
"543",543,9,5,0,27,4,29,0,50,0,3,4,0,12,1,0,64,3047,0,441,14,0,12,24,0,0,0,0
"544",544,4,8,0,25,7,40,0,53,0,8,1,0,8,4,0,59,2556,0,419,22,28,15,17,0,0,0,2
"545",545,10,3,0,31,5,31,0,39,0,2,3,0,10,1,0,61,3814,0,258,40,0,17,20,0,0,0,2
"546",546,3,10,0,27,6,24,0,38,0,7,1,0,11,1,0,59,2451,0,271,35,14,13,17,0,0,0,0
"547",547,6,2,0,15,8,16,0,55,0,3,2,0,12,4,0,58,3494,0,308,26,14,16,28,0,7,0,2
"548",548,10,7,0,13,6,26,0,35,0,4,1,0,11,4,0,60,2943,0,397,21,20,13,17,0,0,0,1
"549",549,3,1,0,20,6,26,0,41,0,3,4,0,9,2,0,58,3067,0,320,25,0,19,24,0,0,0,2
"550",550,3,4,0,27,5,13,0,46,0,7,4,0,11,2,0,58,3259,0,271,11,20,19,20,0,0,0,0
"551",551,9,6,0,23,4,19,0,43,0,5,2,0,10,2,0,64,3133,0,332,16,0,12,20,0,0,0,2
"552",552,5,5,2,31,8,16,0,36,0,6,4,0,9,3,0,60,2455,0,451,14,29,14,22,0,0,0,1
"553",553,2,4,0,27,2,22,0,45,0,6,4,0,12,2,0,58,3406,0,399,39,0,13,25,0,0,0,2
"554",554,1,7,0,14,8,16,0,36,0,5,1,0,9,1,0,58,2286,0,378,10,24,15,20,0,0,0,0
"555",555,9,3,0,22,6,37,0,40,0,5,1,0,9,3,0,63,2820,0,304,22,16,16,24,0,0,0,0
"556",556,1,6,0,30,4,11,0,36,0,4,1,0,10,4,56,63,2128,0,314,40,26,13,17,0,0,0,1
"557",557,5,2,0,20,3,30,0,35,0,7,1,0,8,3,0,64,2628,0,338,32,16,19,19,0,0,0,1
"558",558,2,9,2,30,2,16,0,41,0,3,2,0,10,3,0,60,3861,0,299,10,0,12,19,0,0,0,0
"559",559,5,6,0,14,8,36,0,36,0,7,2,0,10,4,0,63,3398,0,351,37,0,18,27,0,6,0,0
"560",560,10,9,0,22,3,19,0,37,0,3,4,0,8,4,0,60,2025,0,313,24,0,19,18,0,0,0,1
"561",561,1,9,0,30,7,27,0,35,0,7,3,0,12,2,0,59,3548,0,409,30,0,12,24,0,0,0,0
"562",562,1,10,0,26,3,25,0,51,0,6,2,0,9,2,0,62,3982,700,263,38,27,19,27,0,0,1,2
"563",563,7,9,0,31,6,31,0,36,0,4,1,0,10,1,0,62,2975,0,309,10,0,19,23,0,0,0,2
"564",564,6,2,0,19,5,30,0,39,0,8,4,10,11,2,0,61,3518,0,260,24,0,13,17,0,0,0,2
"565",565,3,2,0,14,5,19,0,33,0,5,2,0,9,1,0,62,3257,617,333,19,28,14,22,0,0,0,1
"566",566,1,6,0,12,8,33,0,46,0,5,4,0,11,4,0,59,2584,0,406,33,0,18,22,0,5,0,1
"567",567,3,5,0,13,6,36,0,36,0,4,1,14,10,4,0,63,2968,0,272,20,0,13,18,0,8,0,1
"568",568,8,1,0,25,2,34,6,38,0,7,4,7,12,2,0,60,3923,0,266,28,0,17,25,0,0,0,2
"569",569,1,3,0,18,2,14,0,43,0,4,1,0,8,1,0,63,3830,0,449,38,0,16,17,0,0,0,0
"570",570,2,8,0,22,3,30,0,33,0,8,3,0,8,4,0,59,2875,0,356,24,24,14,17,0,0,0,2
"571",571,6,1,0,15,6,31,0,52,0,3,1,0,10,2,0,64,3871,0,295,17,0,19,24,0,0,0,2
"572",572,5,8,0,23,7,31,0,32,0,7,3,0,12,2,0,59,2248,0,413,25,22,17,17,0,0,0,0
"573",573,5,9,0,24,4,29,0,50,0,2,1,0,12,3,0,62,2262,0,437,31,0,18,17,0,0,0,2
"574",574,9,8,0,17,2,28,0,45,12,8,3,0,8,1,0,64,2816,0,391,40,0,14,26,0,0,0,2
"575",575,7,1,3,20,3,36,0,35,0,6,2,0,10,2,0,63,2606,0,371,18,30,14,27,0,0,2,0
"576",576,6,5,0,14,7,27,0,53,0,6,2,0,8,4,0,61,2593,0,446,29,0,18,26,3,0,0,1
"577",577,8,2,0,27,2,26,0,49,0,2,3,0,9,1,0,63,3725,0,446,38,0,19,23,0,0,0,2
"578",578,8,6,0,22,4,15,0,51,0,5,3,0,9,3,0,59,2991,0,317,11,19,15,23,5,0,0,0
"579",579,1,10,0,12,6,31,0,55,0,7,2,0,11,3,0,62,2044,0,359,19,22,14,19,0,0,0,2
"580",580,8,9,0,23,4,22,0,44,0,4,4,10,12,2,0,61,2734,0,385,14,0,13,28,0,0,0,1
"581",581,8,5,0,20,5,31,0,50,0,3,2,0,9,4,0,59,3286,0,374,15,30,14,18,0,0,0,0
"582",582,4,7,0,14,8,38,0,47,0,8,4,13,9,3,0,61,2467,409,397,12,25,13,20,0,8,0,0
"583",583,6,9,0,16,7,22,0,35,0,4,3,0,9,1,0,63,2609,0,435,27,29,14,27,0,0,0,2
"584",584,5,6,0,31,2,25,0,46,0,3,4,0,9,2,0,58,3504,0,280,28,18,17,26,0,0,0,1
"585",585,7,2,0,32,2,34,0,52,0,7,1,0,11,3,0,62,2221,0,307,24,10,15,18,0,0,0,0
"586",586,9,9,0,32,8,38,0,54,0,5,4,0,10,4,0,60,2154,0,263,36,0,16,26,0,0,0,0
"587",587,9,5,0,25,8,25,0,38,0,4,3,0,11,3,50,63,3302,0,352,16,26,16,27,0,0,0,0
"588",588,5,6,0,22,5,28,0,32,0,4,3,0,8,2,0,61,3555,0,430,24,0,13,28,0,3,3,1
"589",589,8,8,0,21,3,21,0,44,0,7,3,0,12,2,0,63,3517,0,272,16,11,19,26,0,0,0,1
"590",590,7,7,0,29,6,33,0,46,0,8,4,0,12,2,0,58,3015,0,342,33,10,16,26,0,0,0,1
"591",591,9,9,0,16,5,33,0,45,0,4,3,0,10,1,0,64,2726,0,389,20,0,14,27,0,0,0,0
"592",592,7,3,0,18,8,36,0,38,0,5,3,0,12,3,0,62,3331,0,377,10,13,17,22,0,0,0,0
"593",593,6,7,0,13,3,12,0,41,0,7,2,0,9,1,0,61,3160,0,420,23,23,14,27,0,0,0,1
"594",594,1,6,0,17,7,34,0,43,14,7,2,0,12,3,0,58,2707,0,274,30,0,15,22,0,0,0,0
"595",595,2,2,0,16,4,32,0,37,0,4,3,0,11,2,0,64,3852,0,395,19,16,14,27,0,6,0,0
"596",596,7,4,0,24,6,23,0,34,0,3,3,0,12,3,0,59,3653,0,329,15,24,19,21,0,0,0,0
"597",597,4,10,2,30,8,26,0,46,0,2,4,0,9,3,0,63,3189,0,379,35,0,12,24,0,8,0,0
"598",598,5,6,0,31,3,17,0,43,0,3,3,0,9,3,0,58,3167,0,303,20,24,15,25,0,0,0,0
"599",599,3,9,0,12,8,25,0,50,0,3,2,0,10,1,55,59,3965,0,455,23,0,17,20,0,7,0,0
"600",600,8,1,0,25,7,32,0,35,0,5,3,0,9,2,0,63,2645,0,330,20,0,16,22,0,0,0,2
"601",601,10,8,0,13,4,28,0,43,0,3,2,0,12,3,55,59,3957,0,462,28,0,18,24,0,0,1,2
"602",602,1,1,0,24,5,19,0,32,18,4,2,0,12,1,59,59,2620,0,343,33,0,16,23,0,0,0,1
"603",603,9,5,0,17,2,14,0,38,15,5,3,0,9,4,0,60,3988,0,308,33,0,12,26,0,0,0,2
"604",604,6,1,0,27,8,25,0,40,0,5,4,0,8,3,0,58,2008,0,363,40,0,12,27,0,0,0,0
"605",605,2,10,0,16,2,40,0,40,0,6,3,0,12,1,0,64,3009,0,310,26,24,19,25,0,0,0,0
"606",606,10,4,0,28,6,34,0,32,0,6,3,0,10,4,0,60,3387,655,354,11,27,13,21,0,5,0,2
"607",607,9,3,0,24,5,11,0,41,0,6,4,0,9,4,0,64,3756,0,305,39,13,15,27,0,0,0,1
"608",608,1,9,0,17,2,21,0,32,0,8,4,0,9,4,0,58,3236,0,274,23,0,17,27,0,0,0,1
"609",609,9,10,5,21,4,13,0,43,0,4,1,0,11,4,0,64,3748,0,410,30,0,13,25,0,0,0,0
"610",610,4,7,0,18,7,34,0,37,0,2,3,0,9,2,0,61,2085,0,339,30,26,12,24,0,0,0,0
"611",611,8,8,0,31,3,19,0,51,0,8,2,0,10,2,0,64,3594,0,295,20,22,19,28,0,0,0,2
"612",612,4,3,0,23,6,39,0,50,0,5,1,0,12,4,62,61,2445,0,268,35,17,16,17,0,0,0,1
"613",613,7,8,0,29,5,11,0,47,0,4,4,0,10,4,0,59,3619,0,327,33,28,15,18,0,0,0,1
"614",614,5,3,0,28,5,15,0,38,0,3,1,0,9,3,59,62,2028,0,340,17,0,14,21,0,0,0,0
"615",615,6,3,0,21,7,37,0,50,0,3,4,0,9,1,0,59,2319,0,341,34,13,15,17,0,0,0,2
"616",616,2,4,0,14,4,19,0,43,0,2,4,0,8,2,0,63,2413,0,357,19,0,13,25,0,0,0,0
"617",617,9,6,2,13,8,14,0,45,0,8,4,0,10,1,0,58,3036,0,404,31,21,13,25,0,0,0,2
"618",618,9,1,2,21,4,14,0,35,0,7,1,0,8,2,0,58,2091,0,361,13,0,19,26,0,0,0,0
"619",619,8,6,0,24,5,31,0,34,0,6,1,0,12,2,0,63,2450,0,297,34,0,14,24,0,0,0,1
"620",620,4,6,0,14,8,18,0,52,0,8,1,0,8,1,53,61,3360,0,399,40,0,14,18,0,6,0,2
"621",621,7,8,0,30,4,24,0,43,0,3,4,0,10,4,56,64,2557,0,322,25,27,17,22,0,3,0,0
"622",622,1,6,0,27,7,20,0,36,0,2,4,0,8,1,0,59,2751,0,360,31,0,13,26,0,4,0,2
"623",623,5,3,0,13,7,26,0,54,0,3,3,0,11,4,0,58,2948,0,430,31,0,15,21,0,0,0,0
"624",624,1,3,0,20,5,15,6,51,0,2,2,0,11,4,0,58,2720,0,330,27,0,13,22,0,0,3,1
"625",625,3,2,0,17,6,14,0,32,0,3,1,0,8,4,0,62,2094,0,317,29,0,16,28,0,0,0,0
"626",626,7,3,0,12,3,23,6,41,14,4,2,0,10,2,0,62,2942,0,430,39,20,12,25,0,0,0,1
"627",627,1,7,0,23,3,30,0,47,0,6,4,0,10,1,0,61,2507,0,328,25,19,16,21,0,0,0,1
"628",628,2,1,0,17,8,31,0,41,0,8,1,0,12,2,0,58,3742,0,361,12,0,14,18,0,0,0,1
"629",629,10,8,0,23,7,28,0,51,0,7,3,0,8,3,0,61,3032,0,298,36,0,17,20,0,0,0,2
"630",630,7,10,0,19,7,13,0,34,0,5,2,0,11,1,0,63,2296,0,322,20,29,13,26,0,0,0,1
"631",631,6,9,0,21,2,22,0,51,0,5,2,0,12,3,0,59,3502,0,388,21,27,14,22,0,4,0,1
"632",632,5,1,0,20,3,25,0,32,0,3,4,0,9,4,0,61,2638,0,326,39,0,19,26,0,0,0,1
"633",633,8,5,0,28,4,28,0,54,16,8,4,0,9,2,0,59,3426,0,313,16,28,18,26,0,0,0,2
"634",634,6,4,0,25,4,12,0,52,0,4,3,0,10,3,0,63,3171,0,342,34,14,12,28,0,0,0,0
"635",635,7,9,0,31,7,34,0,50,0,4,3,0,11,1,0,64,2096,0,280,26,25,17,19,0,0,0,1
"636",636,3,9,0,27,3,19,0,50,16,8,2,0,8,1,0,58,3114,0,417,33,0,12,20,0,0,0,2
"637",637,8,4,0,30,4,13,0,40,0,7,1,9,12,1,0,60,3293,0,457,24,22,12,21,0,0,0,2
"638",638,4,9,3,23,5,27,0,48,0,2,4,0,12,3,0,64,3912,676,364,32,0,13,17,0,0,0,2
"639",639,10,7,0,24,4,35,0,51,0,7,4,0,12,4,0,62,2783,0,368,14,0,19,25,0,0,0,1
"640",640,8,8,0,31,4,30,0,52,0,2,2,0,9,2,0,58,2327,0,277,18,18,16,28,0,0,0,2
"641",641,6,5,0,32,6,32,0,44,0,2,4,17,12,1,0,60,2039,0,297,36,0,19,28,0,0,0,2
"642",642,7,2,0,16,6,19,0,38,0,2,1,0,9,1,0,63,3165,0,266,26,0,18,18,0,0,0,0
"643",643,9,7,4,12,6,31,0,32,0,8,2,0,10,3,0,60,2506,0,290,40,24,13,18,0,0,0,1
"644",644,9,8,0,27,4,35,0,47,0,5,2,0,10,1,0,58,2723,0,442,40,0,13,17,0,0,0,1
"645",645,4,6,0,16,5,31,0,38,0,7,4,0,12,2,0,60,3415,0,351,27,19,18,28,7,0,0,2
"646",646,4,2,0,16,2,25,0,34,0,8,3,0,11,1,0,62,2835,0,313,34,0,15,23,0,0,0,1
"647",647,1,7,0,23,7,28,0,52,0,3,1,0,8,4,0,60,2290,0,275,25,0,16,17,0,8,0,2
"648",648,7,5,0,29,2,27,0,37,0,8,2,0,12,4,0,60,3091,0,354,22,0,17,25,0,0,0,0
"649",649,4,4,0,21,2,19,0,48,0,6,4,0,10,4,0,63,3672,0,274,22,18,14,28,0,3,0,2
"650",650,6,9,0,32,6,38,0,37,0,2,4,0,10,2,0,59,2417,0,415,30,0,16,24,0,7,0,2
"651",651,10,10,0,15,2,30,0,36,0,8,1,0,11,1,0,58,2997,0,429,36,0,18,23,0,0,0,2
"652",652,10,4,0,20,6,23,0,47,0,5,3,0,8,3,55,61,2638,0,427,33,26,14,24,0,0,0,1
"653",653,8,10,1,16,6,36,0,40,0,6,4,0,8,2,0,61,3521,0,422,14,0,12,17,0,0,0,0
"654",654,3,6,0,14,2,17,0,40,0,6,1,0,11,3,0,58,3938,0,464,31,0,18,26,0,0,0,1
"655",655,2,3,0,28,5,13,0,42,0,8,1,0,10,1,0,64,3076,0,302,36,0,15,21,0,0,0,0
"656",656,8,7,0,14,2,26,0,38,0,4,3,0,9,3,0,58,2480,0,451,40,30,14,25,0,0,0,0
"657",657,9,9,0,19,4,18,0,42,0,3,2,0,8,4,0,62,2104,0,444,18,0,14,17,0,0,0,0
"658",658,2,8,0,18,8,15,4,49,0,8,1,0,9,1,0,58,2614,0,457,33,0,14,20,0,0,0,2
"659",659,6,9,3,14,7,24,0,52,0,7,4,15,8,2,0,64,2459,0,296,26,0,14,17,0,0,0,2
"660",660,8,6,0,13,8,24,0,36,0,3,3,0,12,1,0,61,3519,0,274,11,0,14,27,0,0,0,2
"661",661,9,10,0,24,7,18,0,50,0,3,3,0,11,4,0,61,3656,0,357,33,0,19,26,0,8,0,0
"662",662,10,3,0,19,2,31,0,39,0,2,2,0,9,1,0,60,2607,0,455,40,24,12,27,0,8,0,0
"663",663,8,4,0,23,5,25,0,40,0,2,3,0,12,4,0,59,3310,0,259,22,0,15,18,0,0,0,1
"664",664,4,10,0,28,6,12,0,45,0,8,2,0,9,1,0,64,3233,0,376,21,0,14,21,0,0,0,0
"665",665,10,4,0,16,6,20,0,55,0,3,3,0,10,1,0,59,3508,0,273,38,0,17,20,0,0,0,2
"666",666,9,4,0,23,3,34,0,32,0,5,3,0,10,1,0,61,2114,0,450,12,21,14,18,0,0,0,0
"667",667,9,10,0,14,4,30,0,54,0,6,4,0,8,4,0,62,2816,0,319,37,0,19,20,0,0,0,2
"668",668,8,8,0,16,8,16,0,38,0,3,1,0,11,3,0,62,2063,0,325,29,0,16,22,0,0,0,1
"669",669,10,3,0,30,7,19,0,50,0,4,3,0,11,2,0,62,3030,0,384,32,0,17,24,0,0,0,1
"670",670,1,6,2,30,2,33,0,52,0,5,1,0,8,1,0,61,2542,0,335,33,0,18,21,0,6,0,0
"671",671,2,2,0,13,8,37,0,47,0,3,1,0,8,1,0,62,2877,0,368,25,0,13,26,0,0,0,1
"672",672,3,5,0,25,2,24,0,37,0,7,2,0,10,1,0,64,3029,0,321,40,0,13,19,0,8,0,1
"673",673,7,3,0,29,8,32,0,47,0,5,3,0,12,1,0,61,3452,0,393,33,0,17,26,0,0,0,1
"674",674,2,10,0,29,2,32,0,35,20,7,1,0,8,1,0,64,3260,0,287,39,0,14,18,0,0,0,2
"675",675,2,5,0,28,8,23,0,36,0,4,1,0,8,1,0,64,3768,0,337,38,14,15,20,0,0,0,2
"676",676,6,8,0,32,5,36,0,49,10,5,4,0,12,3,0,58,3803,0,265,22,21,13,20,0,0,0,1
"677",677,4,6,0,27,2,28,0,39,0,2,3,0,11,3,0,61,2803,671,439,26,0,12,28,0,0,0,1
"678",678,5,8,0,32,6,10,5,47,0,8,1,0,9,2,0,58,3719,0,387,11,20,19,21,0,0,0,2
"679",679,3,6,3,28,5,34,0,47,0,5,1,0,10,2,0,60,3852,0,310,20,14,15,27,0,0,0,0
"680",680,6,10,0,19,5,29,0,51,0,6,3,0,9,1,0,59,3092,0,259,18,21,15,23,0,0,0,1
"681",681,4,6,0,30,8,38,0,51,0,4,4,0,9,3,0,58,3456,0,423,10,16,18,21,0,0,0,1
"682",682,10,2,0,12,5,40,0,48,0,4,4,0,12,3,0,62,3055,0,320,12,21,12,21,0,0,0,0
"683",683,1,10,0,32,8,29,0,37,0,7,4,0,11,1,0,58,3698,0,302,35,29,12,27,0,0,0,2
"684",684,9,3,0,18,8,37,0,50,0,7,1,0,11,2,0,60,2402,0,277,29,13,16,20,0,0,0,1
"685",685,10,3,0,28,6,11,0,38,0,3,4,0,10,1,0,61,2407,0,261,12,0,15,26,4,0,0,2
"686",686,9,2,0,30,8,16,0,41,0,6,4,0,11,1,0,62,3002,0,394,36,0,18,22,0,3,0,1
"687",687,6,4,0,14,2,38,0,33,0,5,1,0,11,2,0,62,2143,0,260,12,26,14,27,0,0,0,0
"688",688,6,8,5,12,7,30,0,53,0,2,3,0,11,1,0,63,2077,0,341,27,25,12,18,0,0,0,0
"689",689,8,2,0,28,7,19,0,35,0,8,3,0,11,1,0,63,2651,0,266,18,0,16,17,0,4,0,0
"690",690,1,5,0,30,2,35,0,35,0,3,2,0,11,3,0,59,3050,0,390,40,0,19,27,0,0,0,2
"691",691,2,7,0,22,6,40,0,35,13,6,1,0,11,1,0,62,2566,0,441,14,22,17,18,0,0,0,2
"692",692,10,6,0,12,3,34,0,35,0,5,4,0,8,1,0,60,2593,0,312,38,0,12,27,0,0,0,2
"693",693,7,3,0,24,8,17,0,43,20,3,2,0,10,4,0,60,2605,0,324,29,27,14,28,0,0,0,1
"694",694,8,8,0,26,2,39,0,38,18,8,3,0,11,1,0,63,3892,0,386,21,0,13,26,0,0,0,0
"695",695,9,7,0,27,2,24,0,43,0,3,1,0,11,1,0,64,3813,0,375,20,11,13,19,0,0,0,0
"696",696,8,10,0,30,6,20,0,43,0,3,2,0,11,2,57,60,2334,0,378,31,0,19,23,0,0,0,0
"697",697,8,3,0,21,5,27,5,32,0,8,3,0,11,2,0,63,3749,0,440,35,28,13,28,0,0,0,2
"698",698,7,3,0,15,6,19,0,42,0,2,2,0,10,4,50,58,3286,0,277,10,0,13,18,0,0,0,1
"699",699,4,2,0,26,5,32,0,41,0,3,2,0,9,3,0,59,3052,0,427,14,10,19,27,0,7,0,1
"700",700,6,9,0,31,2,30,0,32,0,6,2,0,10,4,0,58,3433,0,427,24,0,16,27,0,0,0,1
"701",701,5,5,0,17,2,14,0,37,15,8,1,0,12,3,0,62,3032,0,351,26,0,13,27,0,0,0,1
"702",702,2,2,0,25,4,18,0,33,0,5,3,0,8,1,57,60,2923,0,311,40,0,17,24,0,0,0,0
"703",703,3,6,0,29,2,16,0,38,0,7,2,0,12,3,0,58,2456,0,447,25,0,15,25,0,0,0,0
"704",704,5,5,0,23,8,32,0,37,0,5,3,0,10,4,0,60,3777,0,310,13,0,15,18,0,0,0,1
"705",705,10,1,0,12,5,17,0,51,0,2,4,0,8,3,0,61,3293,0,463,14,0,14,28,0,0,0,1
"706",706,7,2,0,19,7,18,0,37,0,2,2,0,12,3,0,59,3528,0,320,23,23,13,22,0,0,0,0
"707",707,1,8,0,13,7,35,0,39,0,8,3,0,9,1,0,59,2130,0,348,18,0,16,21,0,5,0,2
"708",708,9,10,0,22,5,31,0,32,0,6,1,0,12,3,56,59,3718,0,299,11,14,13,28,0,0,2,2
"709",709,7,9,0,13,2,13,0,34,0,4,2,0,12,1,0,63,3554,0,335,10,23,12,19,0,0,0,0
"710",710,10,9,0,17,3,35,0,33,0,7,2,0,9,4,0,64,3579,0,436,27,24,12,21,0,0,0,1
"711",711,5,10,0,23,6,17,0,39,0,8,3,0,10,3,0,60,3019,0,340,22,0,14,23,0,0,0,1
"712",712,4,7,0,26,7,37,0,34,0,8,1,0,9,3,0,64,2685,0,385,36,0,18,22,0,7,0,2
"713",713,8,3,0,17,4,20,0,33,0,2,4,0,8,2,0,63,3407,0,273,32,23,16,17,0,4,0,2
"714",714,7,5,0,30,3,17,0,44,0,6,1,0,9,4,0,59,2766,0,286,21,0,13,17,0,0,0,2
"715",715,10,3,0,16,6,18,0,50,0,3,3,0,9,3,0,60,2596,0,342,15,14,18,21,0,0,0,2
"716",716,4,8,0,29,8,11,0,49,0,3,3,0,10,4,0,63,2776,0,407,27,0,12,17,0,0,0,0
"717",717,8,4,0,25,8,24,0,48,0,4,2,0,8,3,0,61,3125,0,412,16,0,12,18,0,0,0,0
"718",718,3,8,0,31,5,26,0,47,0,4,1,11,8,1,0,58,3979,0,456,33,0,17,27,0,8,0,2
"719",719,2,3,0,28,4,28,0,52,0,4,4,0,11,2,0,58,3171,0,301,15,17,14,18,0,0,2,0
"720",720,9,3,0,25,6,11,0,40,0,8,4,0,12,3,0,59,2974,0,442,12,11,16,25,0,4,0,0
"721",721,8,3,0,25,3,40,0,36,0,8,1,0,8,4,53,60,3166,0,427,21,20,14,19,0,4,0,1
"722",722,2,3,0,29,8,34,0,45,0,4,2,0,11,2,0,60,3794,0,302,24,17,12,23,0,0,0,0
"723",723,4,4,0,28,4,19,0,38,0,7,4,0,12,2,0,61,2399,0,453,15,18,13,21,0,0,0,0
"724",724,3,9,0,22,8,35,6,35,0,8,1,10,8,2,0,63,3821,0,293,24,21,19,20,0,6,0,1
"725",725,6,1,0,20,3,31,0,47,0,2,4,0,11,2,0,64,3699,0,271,21,0,18,23,0,0,0,0
"726",726,4,1,0,21,4,30,0,51,0,3,4,0,8,1,0,61,3342,0,339,16,24,15,17,0,0,0,0
"727",727,2,5,0,13,2,36,0,36,0,6,1,0,9,3,0,60,2557,0,421,13,15,14,20,0,5,2,1
"728",728,6,9,0,19,8,28,0,39,0,2,2,0,11,3,0,58,3437,0,368,13,0,12,19,0,7,0,2
"729",729,1,4,0,32,3,29,0,35,0,3,1,0,8,1,0,62,2903,0,386,13,0,15,17,0,0,0,0
"730",730,4,7,0,17,7,17,0,42,0,5,1,0,11,2,0,58,3833,0,423,39,20,16,28,0,0,0,1
"731",731,9,2,0,21,8,15,0,40,0,3,4,0,11,3,0,64,3166,0,319,35,24,19,23,0,4,0,0
"732",732,6,8,0,30,3,34,0,46,0,3,3,0,11,2,0,58,3189,0,397,29,0,15,27,0,0,0,1
"733",733,10,6,0,13,4,32,0,54,0,5,3,15,10,4,0,64,2035,0,403,21,0,17,22,0,0,0,0
"734",734,10,8,0,32,7,21,0,32,0,3,4,0,12,3,0,60,3911,0,357,33,24,12,17,0,0,0,1
"735",735,7,8,0,25,5,33,0,47,0,2,4,0,9,2,0,59,2265,0,364,11,0,13,27,0,0,0,2
"736",736,4,9,1,19,3,35,0,35,0,4,2,0,9,2,0,63,2681,0,369,35,0,14,22,0,0,0,0
"737",737,9,6,0,25,2,11,0,53,0,7,3,0,9,2,0,59,2446,0,374,32,0,17,24,0,3,0,0
"738",738,3,3,0,14,8,30,0,32,0,3,4,0,12,3,0,60,3468,0,374,15,0,13,23,0,0,0,1
"739",739,7,3,0,18,3,40,0,33,0,2,1,0,9,1,0,63,2042,0,408,37,0,19,18,4,0,0,1
"740",740,9,4,0,19,7,30,0,43,0,5,2,12,9,2,0,62,2058,0,278,31,14,17,21,0,0,0,2
"741",741,7,6,0,25,8,17,0,32,0,2,3,0,10,2,0,60,2847,0,463,14,23,17,20,0,0,0,1
"742",742,10,2,4,21,2,37,0,38,0,8,3,0,9,3,0,64,2031,0,461,10,15,13,18,0,0,0,1
"743",743,4,3,0,13,6,14,0,44,0,7,3,0,10,2,0,63,3930,0,428,19,0,19,28,0,0,0,2
"744",744,4,5,0,24,6,22,0,54,0,6,4,0,8,4,0,63,3625,0,409,22,0,15,21,0,8,0,1
"745",745,9,8,0,24,7,10,4,41,0,6,1,0,11,4,0,63,2896,0,357,17,0,19,28,8,0,1,1
"746",746,8,3,0,13,8,36,0,54,10,8,4,0,8,3,0,59,3430,0,405,18,0,18,21,0,0,0,0
"747",747,8,2,0,31,8,30,0,46,0,6,3,0,10,4,0,58,2060,0,452,19,23,14,26,0,0,0,2
"748",748,10,9,0,12,3,18,2,34,0,8,2,0,11,3,0,60,3310,0,412,35,0,16,17,0,0,0,1
"749",749,8,2,0,12,6,31,0,51,0,7,1,0,9,4,0,58,3028,0,463,27,0,17,28,0,0,0,2
"750",750,4,1,0,18,6,27,0,42,0,6,4,0,8,2,0,59,2974,0,396,17,21,18,20,0,2,0,1
"751",751,7,6,0,14,4,31,0,40,10,3,2,0,12,3,0,61,2885,0,337,20,29,13,21,0,0,0,0
"752",752,3,5,0,28,5,38,0,35,0,4,1,0,10,2,0,58,2319,0,434,21,30,13,24,0,4,0,2
"753",753,1,7,0,24,8,32,0,43,0,4,3,0,10,1,0,63,3204,0,412,19,26,16,23,0,2,0,1
"754",754,1,1,0,18,4,27,0,32,0,6,2,0,12,3,0,62,3194,0,295,28,0,15,27,0,8,0,2
"755",755,9,6,0,17,6,24,0,43,0,4,2,17,10,4,59,61,3034,0,301,27,13,16,22,2,0,0,1
"756",756,4,2,0,32,8,36,0,50,0,7,4,0,9,2,0,59,3899,0,373,21,29,15,24,0,7,0,1
"757",757,8,8,0,26,2,39,0,34,0,5,3,0,10,4,0,59,2859,0,330,28,0,19,24,0,0,0,2
"758",758,8,2,0,12,5,27,0,54,0,7,1,0,8,3,0,61,2541,0,403,33,0,12,28,0,3,0,0
"759",759,10,4,0,14,3,39,0,36,0,4,2,0,11,2,0,64,2813,0,333,23,0,18,18,0,0,0,0
"760",760,5,2,0,17,7,32,0,32,0,2,1,0,9,4,0,64,2561,0,272,16,0,17,24,0,0,0,2
"761",761,6,8,0,26,8,13,0,45,0,5,4,0,8,1,0,58,3782,0,314,21,0,12,27,0,0,0,0
"762",762,5,3,0,19,8,10,0,49,10,4,1,0,11,2,0,59,3727,0,412,25,26,15,18,0,0,0,1
"763",763,10,2,0,30,6,29,0,35,0,7,3,0,9,4,50,59,3255,0,268,16,20,16,22,0,0,3,2
"764",764,1,2,0,32,7,13,0,43,0,8,1,0,11,2,0,60,2584,0,271,16,11,17,21,0,0,0,1
"765",765,3,3,0,29,5,18,0,49,0,2,3,0,10,3,0,61,3304,0,322,28,11,19,19,0,7,0,2
"766",766,3,7,0,19,2,38,0,43,0,5,4,0,10,1,0,58,2097,0,423,11,0,15,20,0,0,0,0
"767",767,2,6,0,22,4,10,0,54,0,7,3,0,8,4,0,61,2392,0,370,39,15,19,17,0,0,0,1
"768",768,9,6,0,14,6,28,0,47,0,6,1,0,12,1,0,63,2911,0,463,40,0,16,19,0,3,0,0
"769",769,5,10,0,16,6,20,0,38,0,5,4,0,12,4,0,60,2506,0,339,36,0,16,19,0,3,0,1
"770",770,8,8,0,25,3,27,0,51,0,8,2,0,9,4,0,60,2628,0,462,28,13,16,21,0,3,1,2
"771",771,9,10,0,29,4,12,0,50,0,3,2,0,10,4,0,60,2488,0,419,36,0,14,23,0,0,0,1
"772",772,10,9,0,18,3,13,0,32,0,2,4,0,11,1,0,64,3644,0,461,12,0,16,28,0,0,0,2
"773",773,10,4,0,17,3,36,0,39,0,6,2,0,8,4,0,59,2816,0,342,33,0,17,22,0,0,0,1
"774",774,3,4,0,21,3,30,0,46,0,8,4,0,9,1,0,62,2649,0,349,30,14,16,25,0,0,0,0
"775",775,5,3,0,25,4,24,0,46,0,4,2,0,10,1,0,60,2995,0,372,27,0,16,20,0,0,0,2
"776",776,1,10,0,30,8,20,0,46,0,4,3,0,11,1,0,58,3997,0,367,30,0,15,19,0,0,0,0
"777",777,8,9,0,23,2,22,0,36,0,5,3,0,9,3,50,61,2950,0,318,22,0,19,17,0,4,0,2
"778",778,8,3,0,26,5,38,4,50,0,3,2,0,9,2,0,61,3071,0,351,23,20,16,24,0,0,0,2
"779",779,9,4,0,20,7,35,0,37,0,6,4,0,9,3,0,61,3055,0,268,31,22,13,26,0,0,0,1
"780",780,2,8,0,16,7,20,0,48,0,2,4,17,11,2,0,58,2105,0,271,27,30,14,21,0,0,0,2
"781",781,8,6,0,31,8,14,0,38,0,7,4,0,11,1,0,63,3425,0,402,23,16,17,17,0,0,0,0
"782",782,10,1,0,17,2,26,0,42,0,3,2,0,12,2,0,61,3923,0,294,26,0,19,17,0,0,0,1
"783",783,2,9,0,12,6,19,0,53,0,6,1,0,12,1,0,59,3657,0,318,13,25,12,22,0,0,0,2
"784",784,6,5,0,28,5,16,0,47,0,3,4,0,12,1,0,59,3256,0,406,25,18,15,21,0,0,0,1
"785",785,7,6,0,22,7,32,0,32,0,5,3,0,9,2,0,59,2280,0,383,34,12,13,27,0,0,0,2
"786",786,8,1,0,20,7,40,0,38,0,5,2,0,8,4,0,60,3206,0,287,20,11,16,21,0,0,0,0
"787",787,8,7,0,28,7,31,5,44,0,7,4,0,12,2,0,61,3598,0,324,20,0,14,20,0,0,0,2
"788",788,4,6,0,16,5,31,0,48,0,4,2,0,8,3,0,64,2266,0,460,36,22,14,20,0,0,0,2
"789",789,5,1,0,32,8,38,0,49,0,5,1,0,9,4,0,62,2612,0,270,24,0,17,22,0,0,0,2
"790",790,4,10,0,31,7,20,0,50,0,2,4,0,12,4,0,60,3403,0,336,11,25,14,20,0,0,0,1
"791",791,6,6,0,21,6,23,0,33,0,8,4,0,10,3,62,63,3060,0,307,19,19,15,20,0,0,0,2
"792",792,9,5,0,14,4,37,0,36,0,7,2,0,9,4,0,64,2694,0,385,14,13,14,28,0,0,0,0
"793",793,9,5,0,17,3,38,0,40,10,4,4,0,11,3,0,62,3897,0,277,26,17,15,18,0,0,0,2
"794",794,10,6,0,12,8,34,0,44,0,8,4,0,12,4,0,60,3086,0,317,22,0,14,24,0,0,0,0
"795",795,1,6,4,24,7,18,0,47,0,4,2,0,10,2,0,58,3052,0,341,30,0,17,23,0,0,0,0
"796",796,3,9,0,20,4,35,0,49,0,6,2,0,8,4,0,63,3571,0,463,15,0,14,26,0,0,0,2
"797",797,9,1,0,12,8,38,0,54,0,6,3,0,11,2,0,61,2078,0,295,26,15,16,19,5,0,0,2
"798",798,2,10,0,14,6,20,0,41,0,6,1,0,11,1,0,64,3844,0,260,38,29,13,25,0,0,0,1
"799",799,6,2,0,30,8,10,0,37,0,2,2,0,10,3,0,64,3838,0,456,30,19,17,18,0,0,0,1
"800",800,1,5,0,31,4,32,0,52,0,2,3,0,8,1,0,62,2289,0,283,27,21,13,18,0,0,0,0
"801",801,1,3,0,15,8,17,0,43,0,8,4,0,9,3,0,64,3763,0,418,10,0,13,20,0,0,0,1
"802",802,4,3,0,12,5,32,0,40,14,2,1,0,11,3,0,64,3411,0,307,28,14,19,19,0,0,0,2
"803",803,6,6,0,32,4,21,0,53,0,7,2,10,8,3,0,62,3195,0,369,36,0,12,27,0,0,0,2
"804",804,5,10,0,26,3,14,0,45,0,2,2,0,12,3,0,64,3719,0,284,25,11,16,24,0,0,0,1
"805",805,1,10,0,12,3,35,0,40,0,2,4,0,10,4,0,58,3396,0,298,15,0,15,20,0,0,0,2
"806",806,5,8,0,32,4,34,0,32,0,3,3,0,10,3,0,59,3169,0,450,36,0,13,19,0,0,0,2
"807",807,10,7,0,15,2,36,0,43,0,6,3,0,9,2,0,58,2080,0,366,26,0,18,27,0,0,0,1
"808",808,10,5,0,22,3,15,0,32,0,7,3,0,12,3,0,58,2272,0,287,12,0,13,27,0,0,0,0
"809",809,8,1,0,19,6,40,0,35,0,3,4,0,11,1,0,63,3778,401,309,19,25,14,27,0,0,0,0
"810",810,6,8,0,17,4,38,0,44,0,7,3,0,10,4,0,59,3688,0,366,40,0,13,18,0,0,0,0
"811",811,10,3,0,26,7,19,0,33,0,3,4,0,10,2,62,64,3817,417,275,23,14,18,26,0,0,0,2
"812",812,4,7,0,12,2,12,0,51,0,5,4,0,10,2,0,62,3701,0,272,10,25,16,18,0,0,0,0
"813",813,1,4,0,21,8,38,0,49,0,4,3,9,8,4,0,58,2592,0,414,28,23,18,22,0,0,0,1
"814",814,7,7,0,13,5,27,0,53,0,8,3,0,12,2,0,63,2728,0,455,18,18,19,26,0,0,0,1
"815",815,8,9,0,22,8,19,0,39,0,6,3,0,12,2,0,60,3140,0,330,19,25,18,20,0,0,0,2
"816",816,9,2,0,26,8,36,0,42,0,8,1,0,8,2,0,64,2630,0,444,25,15,14,20,0,0,0,1
"817",817,9,4,0,24,6,10,0,38,0,4,4,0,11,2,0,63,3623,0,374,11,0,15,21,0,0,0,2
"818",818,6,10,0,28,6,26,0,42,0,2,1,0,8,2,0,60,3980,0,368,29,0,12,18,0,0,0,1
"819",819,7,4,0,14,4,40,0,34,0,2,3,0,10,3,0,64,2613,0,281,11,0,12,17,0,0,0,0
"820",820,5,2,0,28,5,32,0,43,0,2,4,0,12,3,0,62,3761,469,264,35,0,13,25,0,0,0,2
"821",821,7,10,0,16,7,37,0,43,0,2,1,0,8,1,0,61,2513,0,351,27,27,15,27,0,0,0,1
"822",822,10,8,0,12,5,12,0,50,0,3,1,0,10,2,0,61,2658,0,392,23,0,15,24,0,0,0,2
"823",823,2,9,2,21,3,12,0,48,0,4,1,0,11,2,0,60,3327,0,441,19,22,13,20,0,0,0,1
"824",824,4,3,0,17,8,13,0,37,0,3,3,0,11,1,0,60,2740,0,342,25,22,14,27,0,0,0,2
"825",825,7,5,0,13,7,36,0,33,0,8,4,0,12,2,0,62,2476,613,459,18,15,17,27,0,0,0,2
"826",826,8,3,0,25,2,30,0,53,0,5,3,0,8,3,0,58,2216,0,424,13,0,14,21,5,2,0,0
"827",827,4,5,0,30,6,13,0,39,0,6,3,0,9,2,0,62,2233,559,306,36,0,17,18,0,3,0,1
"828",828,7,9,0,30,5,27,0,42,0,3,3,0,12,4,0,58,3997,0,378,13,0,19,17,0,0,0,1
"829",829,7,2,0,18,4,19,0,37,0,8,4,0,10,2,56,59,2795,0,293,40,0,17,26,0,0,0,0
"830",830,1,8,0,24,8,38,0,47,0,3,4,0,8,4,0,62,3881,0,443,17,0,13,28,0,0,0,0
"831",831,3,10,0,25,4,12,3,42,0,8,4,0,12,2,0,58,3177,0,333,15,19,18,20,0,0,0,2
"832",832,3,8,0,12,2,38,0,39,0,6,2,0,12,2,0,61,2551,0,367,31,0,13,26,0,0,0,1
"833",833,6,8,0,24,3,40,0,40,0,7,4,0,12,3,0,62,2401,0,450,26,0,12,19,0,0,0,2
"834",834,9,1,0,24,6,35,0,49,0,4,1,0,9,2,0,59,3800,0,307,38,0,15,21,0,0,0,0
"835",835,7,7,0,31,2,10,0,38,0,8,1,0,8,3,0,59,2593,0,286,17,22,18,23,0,0,0,2
"836",836,8,9,0,29,5,15,0,41,0,5,2,0,8,4,0,58,2125,0,281,14,0,12,20,0,0,0,2
"837",837,8,7,0,15,4,22,0,47,0,8,4,0,9,3,0,59,3257,0,385,15,11,18,21,0,0,0,2
"838",838,5,4,0,24,7,11,0,32,15,6,4,0,11,4,0,63,2025,0,361,10,10,15,22,0,0,0,2
"839",839,8,10,0,12,7,22,4,37,0,4,4,0,9,4,0,62,3530,0,368,11,0,14,19,0,3,0,0
"840",840,2,3,0,20,3,16,0,35,0,3,4,0,12,2,0,60,2136,0,454,15,0,19,20,0,0,0,0
"841",841,3,10,0,14,4,38,0,32,0,5,2,0,10,4,0,60,2798,0,324,13,14,19,25,0,0,0,2
"842",842,1,4,0,28,2,20,3,47,0,7,4,16,9,3,0,61,2906,0,404,12,0,12,22,0,0,3,0
"843",843,7,4,0,18,4,27,0,40,0,2,2,0,8,2,0,60,3994,0,260,27,0,14,23,0,0,0,1
"844",844,6,4,0,32,7,14,0,46,0,3,4,0,10,4,0,60,3912,0,374,38,0,15,19,0,7,0,0
"845",845,8,7,0,28,2,34,0,44,0,6,4,0,9,3,0,64,3658,0,316,20,0,13,27,0,0,0,2
"846",846,5,10,0,13,3,19,0,42,0,3,1,0,12,1,0,61,2609,0,382,40,21,16,22,0,0,0,0
"847",847,4,6,0,24,4,13,0,40,0,8,4,0,8,3,0,58,2148,0,287,38,0,14,25,0,0,0,2
"848",848,10,8,0,22,3,17,0,53,0,7,2,0,10,2,0,59,3224,0,451,23,0,16,22,0,0,0,0
"849",849,7,10,0,32,5,35,0,42,0,6,1,0,8,1,0,63,2065,0,440,29,0,12,24,0,0,0,1
"850",850,3,6,0,12,7,29,0,48,0,2,3,0,8,3,0,62,3645,0,342,21,0,13,20,0,0,1,0
"851",851,6,8,0,24,2,32,0,42,0,4,3,0,11,3,0,58,2578,0,454,10,0,13,24,0,4,0,2
"852",852,3,10,0,26,5,19,0,46,0,4,1,0,12,4,0,60,3648,0,270,24,0,16,28,0,0,0,2
"853",853,9,2,0,28,6,30,0,37,0,3,1,0,10,4,61,60,3476,0,429,25,0,18,25,0,0,0,1
"854",854,7,9,0,13,4,34,0,38,0,5,3,0,9,1,57,62,3243,0,299,10,0,19,20,0,0,0,1
"855",855,7,7,0,21,7,13,0,38,0,3,1,0,10,1,0,63,2888,0,372,17,18,13,17,0,7,0,2
"856",856,5,4,0,17,6,26,0,36,0,8,1,0,9,3,0,63,2574,700,278,31,0,12,17,0,0,0,0
"857",857,8,2,0,13,4,31,0,35,0,7,4,0,9,2,0,59,3462,0,350,28,0,14,23,0,0,0,1
"858",858,2,2,0,20,8,29,0,52,0,2,3,0,10,2,0,61,3799,0,336,12,0,14,24,5,0,0,0
"859",859,3,4,0,15,4,10,0,39,0,3,3,0,10,1,0,60,2250,0,291,21,0,12,21,0,0,0,2
"860",860,10,6,0,22,6,33,0,38,0,7,2,0,8,4,0,62,2264,0,440,18,0,17,27,0,0,0,0
"861",861,6,4,0,25,7,37,0,34,0,5,3,0,8,3,0,62,2449,0,456,38,0,15,26,0,0,0,0
"862",862,3,9,0,20,4,35,0,39,0,6,2,0,12,2,0,62,2802,0,368,24,0,18,22,0,8,0,0
"863",863,1,4,0,28,3,22,0,35,0,8,1,0,10,3,0,63,2249,0,323,20,25,18,26,0,0,0,1
"864",864,5,9,0,15,2,26,0,54,0,6,1,0,12,3,0,64,2932,0,278,32,0,16,23,0,0,0,1
"865",865,6,9,0,26,4,34,0,37,0,2,4,0,10,2,0,64,3045,0,422,16,0,13,17,0,6,0,2
"866",866,7,3,0,27,6,11,0,38,0,3,4,8,10,3,0,62,3550,0,276,28,16,13,18,0,0,0,1
"867",867,6,7,0,14,6,30,0,46,0,8,3,0,10,2,0,61,2867,0,390,21,17,12,19,0,2,0,1
"868",868,4,2,0,22,8,11,0,44,0,3,3,0,9,3,0,60,3479,615,386,31,24,18,21,0,0,0,2
"869",869,2,4,0,26,5,10,0,44,0,2,2,0,11,3,0,58,3628,0,420,10,0,17,27,0,0,0,2
"870",870,8,7,0,17,4,19,0,47,0,8,2,0,10,1,0,59,3261,0,298,39,21,17,21,0,2,0,1
"871",871,3,2,0,18,4,19,0,44,0,6,4,0,11,4,0,58,2329,0,272,22,21,18,23,0,0,0,1
"872",872,5,10,0,13,5,36,2,51,0,7,2,0,10,1,0,61,3831,0,267,29,17,17,22,2,0,0,1
"873",873,9,7,0,21,6,24,0,52,0,7,2,0,10,1,0,64,3918,0,336,37,26,15,19,0,0,0,2
"874",874,8,5,0,31,4,34,0,54,0,3,4,0,9,2,0,60,3812,0,265,37,12,17,20,0,0,0,0
"875",875,10,9,0,15,7,38,0,43,0,3,3,0,10,1,0,58,3875,0,313,30,10,12,17,0,0,0,2
"876",876,7,4,0,13,6,16,0,54,0,7,3,0,9,1,0,64,3171,0,442,28,0,17,19,0,0,0,1
"877",877,8,3,0,12,3,28,0,32,0,3,1,0,12,4,0,63,3768,0,336,30,0,18,17,0,7,2,0
"878",878,7,2,0,16,3,18,0,45,0,6,4,0,8,1,0,62,3744,0,262,31,0,14,20,0,0,0,1
"879",879,7,10,0,12,7,14,0,47,0,7,3,0,11,3,0,60,3090,0,261,25,28,13,21,0,0,0,1
"880",880,1,6,0,32,4,16,0,36,0,7,4,0,10,2,0,64,2920,0,335,30,0,17,28,0,0,0,0
"881",881,3,10,0,19,5,23,7,35,0,7,2,0,10,1,0,58,3679,0,292,30,0,18,17,0,0,0,2
"882",882,5,10,0,27,8,12,0,37,0,2,2,0,12,3,0,63,3668,0,409,33,19,18,27,0,3,0,2
"883",883,10,8,0,17,8,37,0,41,0,5,4,0,10,4,0,59,3685,0,359,36,0,16,25,0,0,0,2
"884",884,7,7,0,28,7,26,0,49,0,6,3,0,12,1,0,58,2388,0,258,22,0,15,17,0,2,0,2
"885",885,10,5,0,26,3,26,0,55,0,3,3,0,9,2,0,63,2740,0,319,12,13,18,28,0,3,0,0
"886",886,10,4,0,12,7,32,0,44,0,2,3,0,10,3,0,64,3236,0,290,22,12,17,21,0,0,0,0
"887",887,2,5,5,17,3,15,2,53,0,3,2,0,10,2,0,63,2031,0,333,21,22,15,18,0,0,0,1
"888",888,7,9,0,20,7,40,0,44,0,8,2,0,10,2,0,63,2835,0,287,23,0,13,19,0,0,0,2
"889",889,6,10,0,19,7,15,0,33,0,2,4,0,10,4,0,62,2665,0,443,16,0,17,20,0,0,0,1
"890",890,3,6,0,25,3,18,0,44,0,2,2,0,8,1,0,61,3010,0,325,32,0,16,21,0,0,0,0
"891",891,5,6,0,27,6,13,0,34,0,5,2,0,11,1,0,58,2080,0,430,31,15,14,27,0,3,0,0
"892",892,2,6,0,31,7,25,0,54,15,7,2,0,12,1,0,59,3907,0,413,17,0,14,21,0,0,0,0
"893",893,5,10,0,26,7,33,0,41,0,4,3,0,11,2,0,59,3113,0,440,30,0,15,25,0,0,0,2
"894",894,6,10,0,15,4,18,0,55,0,5,1,0,9,2,0,63,2337,0,269,35,22,16,27,0,0,0,1
"895",895,6,4,0,32,7,34,7,49,0,6,3,0,8,4,0,59,2728,0,430,29,17,17,26,0,0,0,1
"896",896,4,9,0,22,2,11,0,37,0,8,1,0,8,4,0,63,3969,0,300,37,28,16,19,0,0,0,1
"897",897,10,5,0,19,8,14,0,44,0,5,2,0,9,4,0,60,2885,0,363,36,0,15,21,0,3,0,2
"898",898,1,3,0,23,6,14,0,48,18,6,1,0,9,4,53,62,3122,0,412,29,0,15,25,0,0,0,2
"899",899,4,8,0,27,3,16,0,52,19,5,2,0,12,3,0,59,3236,0,279,24,0,13,26,0,0,0,2
"900",900,6,7,0,17,6,16,0,34,0,3,4,0,11,2,0,64,3730,0,457,36,18,19,20,0,0,0,0
"901",901,2,2,0,30,7,30,0,36,0,6,2,0,8,4,0,59,2970,0,271,20,26,19,25,0,0,0,1
"902",902,3,1,0,22,4,40,0,50,0,4,3,11,12,3,60,59,2655,0,320,17,29,15,24,7,0,0,0
"903",903,8,10,0,21,4,34,0,45,0,4,4,0,12,3,0,61,3172,0,381,34,23,19,25,0,0,0,2
"904",904,9,1,0,12,8,29,0,33,0,8,1,0,10,2,0,63,3535,0,448,13,0,12,26,0,0,0,1
"905",905,6,1,0,20,2,37,0,36,0,2,4,0,9,4,0,61,3838,0,268,38,0,12,25,0,0,0,1
"906",906,7,9,0,17,4,22,0,53,0,6,3,0,10,1,0,63,2752,0,280,33,0,18,20,0,0,0,0
"907",907,8,7,0,14,5,35,6,47,0,6,4,0,9,4,0,61,3709,0,351,22,13,15,23,0,0,0,0
"908",908,6,3,0,28,7,17,0,45,0,3,1,0,10,2,0,58,2022,0,274,36,0,18,23,0,0,0,2
"909",909,6,2,0,32,6,27,0,42,0,4,2,0,10,2,0,61,2301,0,401,18,0,19,18,0,0,0,2
"910",910,7,2,0,15,7,10,0,42,0,4,4,8,9,3,0,61,2420,0,296,40,25,14,18,0,0,0,0
"911",911,7,9,0,16,6,16,0,38,0,7,4,0,12,4,0,63,2961,0,427,20,23,17,21,0,0,0,0
"912",912,2,3,0,32,5,11,0,49,0,6,4,0,10,2,0,59,2781,0,269,21,24,12,21,0,0,0,2
"913",913,4,2,0,17,8,25,0,41,0,8,1,0,8,4,0,60,3420,0,350,27,0,12,19,0,0,0,1
"914",914,3,10,0,30,7,29,0,51,0,8,1,0,9,2,0,62,3410,0,338,27,25,13,28,0,0,0,0
"915",915,3,2,0,17,8,34,0,34,0,8,3,0,11,4,0,62,2562,0,438,18,0,19,23,0,7,0,0
"916",916,3,10,0,12,2,36,0,32,0,4,4,0,11,4,0,64,2597,0,353,13,0,13,28,0,0,0,0
"917",917,7,9,0,18,8,22,0,40,0,8,2,0,11,1,0,58,2629,0,449,19,0,13,27,0,0,0,0
"918",918,3,2,1,12,3,40,0,40,0,7,2,0,8,3,0,60,2104,0,400,37,28,16,28,0,0,0,0
"919",919,4,3,0,31,7,35,0,46,14,2,2,0,9,4,0,58,3812,0,360,32,0,16,23,0,0,0,2
"920",920,3,4,0,26,7,34,6,47,0,6,1,0,12,3,0,62,3284,0,312,12,24,17,27,0,0,0,2
"921",921,9,10,0,29,2,30,0,43,0,6,3,0,8,4,0,58,2061,0,326,12,0,13,24,0,0,1,1
"922",922,9,4,0,28,2,19,0,46,0,3,4,0,10,2,0,64,3192,0,303,23,29,18,24,0,0,0,0
"923",923,8,10,0,27,6,30,0,40,0,3,4,0,10,4,0,58,3485,0,354,27,0,13,19,2,0,0,1
"924",924,8,6,0,23,6,21,0,36,0,8,1,15,12,1,0,61,3037,539,309,21,0,19,18,0,0,0,0
"925",925,4,9,0,17,8,19,0,40,0,4,4,0,11,4,0,60,2560,0,440,24,16,16,23,0,6,0,1
"926",926,1,4,0,20,3,20,0,50,0,8,1,0,8,1,0,58,3036,0,323,15,0,14,18,0,0,0,2
"927",927,2,3,0,17,5,14,0,34,12,3,4,0,11,2,0,64,2453,0,266,11,0,18,20,2,0,0,1
"928",928,1,4,0,14,6,15,0,34,0,2,3,0,8,3,0,60,3171,0,436,20,0,19,26,0,0,0,1
"929",929,9,3,0,15,4,34,0,41,0,8,3,0,12,4,0,59,2930,0,422,35,17,19,27,0,0,0,2
"930",930,10,5,0,19,6,21,0,49,0,5,2,0,9,4,0,64,2011,0,312,40,0,12,17,4,0,0,1
"931",931,7,3,0,29,5,20,0,55,0,5,1,0,8,3,0,62,2191,0,387,24,17,19,26,0,7,0,2
"932",932,9,8,0,27,8,21,0,46,0,2,3,0,10,4,0,61,2071,0,367,13,16,18,19,0,0,0,2
"933",933,10,8,0,31,7,40,0,33,0,7,2,0,12,3,0,61,2795,0,308,25,0,15,18,0,0,0,1
"934",934,8,5,0,23,8,16,0,33,0,2,1,0,12,4,0,61,2625,0,434,33,0,17,22,0,0,0,2
"935",935,3,1,0,25,8,29,0,33,0,6,4,0,9,1,0,61,3681,0,293,15,0,12,19,0,0,0,2
"936",936,10,2,0,14,2,21,0,32,0,2,1,0,12,2,0,62,2854,0,422,34,30,17,26,0,0,0,2
"937",937,8,6,0,29,4,33,0,51,0,4,1,0,11,2,0,61,3172,0,401,35,19,19,18,0,0,0,1
"938",938,5,4,0,31,4,23,0,32,0,5,3,0,12,3,0,61,2075,0,421,28,0,15,20,0,4,0,1
"939",939,8,4,4,27,4,40,0,55,0,8,1,0,10,2,0,60,3928,0,291,20,0,18,27,0,0,0,1
"940",940,4,2,0,19,6,36,0,46,0,8,2,0,10,4,0,58,3567,0,280,18,0,16,23,0,0,0,0
"941",941,1,5,0,29,7,26,0,47,0,7,3,0,11,4,0,58,2918,0,420,39,20,18,19,0,0,0,1
"942",942,10,10,0,29,6,10,0,45,0,4,3,0,11,3,0,60,2336,539,361,29,23,18,27,0,0,0,2
"943",943,1,6,0,20,8,22,0,52,0,2,4,0,10,3,0,60,3988,0,402,20,0,15,26,0,0,0,1
"944",944,9,3,0,25,8,11,0,44,0,5,1,0,12,2,0,59,3882,0,351,31,0,18,27,0,0,0,2
"945",945,1,3,0,28,7,24,0,41,0,6,4,0,9,3,0,64,3910,0,282,33,0,16,20,0,0,0,2
"946",946,3,3,0,25,6,38,0,33,0,2,4,0,12,1,0,59,2221,0,266,27,0,15,26,0,0,0,2
"947",947,6,10,0,20,8,16,0,36,0,2,1,0,12,1,0,64,3545,0,424,23,0,17,18,0,0,0,1
"948",948,7,10,0,30,6,25,0,55,15,7,3,0,11,2,0,60,3347,0,425,21,0,15,28,0,0,0,2
"949",949,1,7,0,18,2,32,0,41,0,4,2,0,12,4,60,60,2588,0,397,19,0,16,17,0,8,0,0
"950",950,3,3,0,13,6,29,0,55,0,4,3,0,10,1,0,63,2563,0,440,14,21,17,21,0,0,0,2
"951",951,4,1,0,32,6,21,0,40,0,2,2,0,12,1,0,62,2980,0,349,12,0,19,27,0,0,0,1
"952",952,8,7,0,24,6,10,0,33,0,7,1,0,9,2,0,60,3780,0,343,11,0,17,18,0,0,0,1
"953",953,8,7,0,28,7,32,0,47,0,7,4,0,8,1,0,64,3736,528,280,22,15,15,28,0,0,0,1
"954",954,8,1,0,31,7,20,0,53,0,5,2,0,12,2,0,59,2333,0,289,13,0,16,18,0,0,0,1
"955",955,10,2,0,12,3,40,0,38,0,2,1,0,12,2,0,60,2110,0,431,16,12,12,21,0,0,0,2
"956",956,1,5,0,29,3,31,0,35,0,5,3,0,12,2,0,60,2086,0,462,37,24,19,19,0,0,0,0
"957",957,7,8,0,26,4,14,0,50,0,6,4,0,8,4,0,58,2148,591,379,19,0,15,20,0,0,0,2
"958",958,6,6,0,16,2,17,0,34,0,8,1,0,8,1,0,64,2634,0,284,34,0,13,18,0,0,0,1
"959",959,5,4,0,21,3,17,0,32,0,5,1,0,12,3,0,58,3776,0,312,29,29,14,19,0,0,0,1
"960",960,1,10,0,24,4,39,0,49,0,4,4,0,8,1,0,61,3778,0,260,38,0,18,26,0,0,0,1
"961",961,5,6,0,22,5,18,0,55,0,5,4,0,12,2,0,61,2811,0,448,22,30,13,28,0,0,0,2
"962",962,6,3,0,21,3,23,0,54,0,8,2,14,10,2,0,59,2260,565,409,22,0,16,18,0,8,0,0
"963",963,4,9,0,17,2,35,0,41,0,4,2,0,12,2,0,58,3374,0,343,18,30,13,27,0,0,0,2
"964",964,6,6,0,26,6,12,0,43,0,5,1,0,12,1,0,64,2188,0,277,13,0,19,28,0,0,0,0
"965",965,2,6,0,29,4,13,0,42,0,7,1,0,10,2,0,60,2618,0,368,37,18,16,28,0,4,0,1
"966",966,6,7,0,23,5,34,0,43,0,6,4,0,10,2,0,61,2544,0,448,10,0,18,23,0,6,0,0
"967",967,6,3,0,13,6,27,0,51,0,5,2,0,9,4,0,61,3834,0,316,22,27,14,22,0,0,0,2
"968",968,9,4,0,23,8,26,0,52,0,2,4,0,9,2,0,63,3419,0,265,38,0,14,17,0,0,0,2
"969",969,8,8,0,17,6,34,0,52,0,3,1,0,10,4,0,62,2204,0,370,13,25,15,22,0,0,0,2
"970",970,5,4,0,30,2,18,0,40,0,7,3,0,10,1,0,59,2334,439,414,20,0,15,19,3,0,0,2
"971",971,2,7,0,29,5,22,0,47,0,5,2,0,10,3,0,59,3311,0,366,35,0,14,23,0,0,0,2
"972",972,4,2,0,32,7,12,0,47,0,2,1,16,8,3,0,60,3401,0,320,38,13,18,22,0,0,0,1
"973",973,3,2,0,13,3,20,0,49,0,5,4,14,8,3,0,62,2756,0,452,14,0,16,22,0,0,0,0
"974",974,1,4,0,26,2,25,0,49,0,7,2,0,12,3,0,61,3320,0,329,29,0,13,25,0,0,0,0
"975",975,5,3,0,24,5,10,0,46,0,2,3,0,10,3,0,63,3872,0,390,25,18,16,20,0,0,0,1
"976",976,3,1,0,17,6,15,0,49,0,8,3,0,12,2,0,58,2654,0,390,14,14,18,26,3,6,0,1
"977",977,9,3,0,13,4,13,0,44,0,4,4,0,10,1,0,62,3982,0,377,20,0,14,17,0,0,0,0
"978",978,2,3,1,14,8,27,0,55,0,5,2,0,11,4,0,61,3810,0,277,24,0,19,17,3,0,0,0
"979",979,3,1,0,20,4,25,0,49,0,3,3,0,10,3,0,60,2577,0,286,22,22,13,21,0,0,0,2
"980",980,2,9,0,24,2,40,0,51,0,8,4,0,12,1,59,60,3823,0,366,31,0,16,22,0,0,0,1
"981",981,8,4,0,32,3,35,0,33,0,6,1,0,9,2,0,63,3878,0,290,36,25,17,25,6,0,0,0
"982",982,6,8,0,28,2,27,0,33,0,2,3,0,10,2,0,58,3133,0,261,13,22,15,17,0,0,0,1
"983",983,1,5,0,28,3,27,0,47,0,2,2,0,11,4,0,60,3814,690,297,18,26,13,23,0,0,0,2
"984",984,2,2,0,13,8,27,0,48,0,7,1,0,10,2,0,59,3466,0,352,16,13,12,21,0,0,0,0
"985",985,10,7,0,24,4,10,0,52,0,8,2,0,10,2,0,63,2113,0,427,28,0,14,22,0,7,0,2
"986",986,3,8,0,26,4,35,0,53,0,8,3,0,9,2,0,64,2383,0,399,21,24,18,24,0,0,2,2
"987",987,7,9,0,18,3,16,0,33,0,5,3,0,10,2,0,62,2581,474,307,21,0,13,25,0,0,0,1
"988",988,7,1,0,15,8,17,0,48,0,2,4,0,9,3,0,63,2913,0,429,25,0,12,20,0,0,0,1
"989",989,1,1,0,15,5,32,0,55,0,5,4,0,10,1,0,60,2347,0,327,29,18,17,20,0,0,2,1
"990",990,6,9,4,24,6,16,0,33,0,2,3,0,12,4,0,64,2482,0,401,36,17,12,20,0,0,0,1
"991",991,6,6,0,15,8,17,0,53,0,5,3,0,10,4,0,64,3678,678,288,40,0,14,25,0,0,0,2
"992",992,10,4,0,17,6,16,0,43,0,6,2,0,11,3,0,61,2091,0,403,37,0,19,21,0,6,0,1
"993",993,10,2,0,23,3,11,0,49,13,8,3,0,9,1,0,60,3021,0,415,35,27,19,20,0,0,0,0
"994",994,9,7,0,23,7,30,0,40,0,7,3,0,9,3,0,63,3482,0,284,37,27,19,20,0,0,1,1
"995",995,10,6,0,21,7,40,0,50,0,7,1,0,9,1,0,62,2563,0,344,23,0,16,23,0,8,0,1
"996",996,7,6,0,22,8,22,0,54,0,3,2,0,9,2,0,63,3617,0,382,25,20,14,22,0,4,0,0
"997",997,3,4,0,25,4,15,0,52,0,2,1,0,9,2,0,61,3290,0,263,35,0,18,19,0,0,2,1
"998",998,4,2,3,21,2,24,0,52,0,3,3,0,12,3,0,61,2383,0,323,32,15,17,22,0,0,0,2
"999",999,5,8,0,31,6,13,0,41,0,3,1,14,11,3,0,63,2205,0,270,34,23,18,25,0,0,0,1
"1000",1000,8,8,0,31,7,16,0,35,0,6,4,0,9,1,0,59,3876,0,335,32,25,16,26,0,5,0,0
"1001",1001,6,1,0,24,3,31,0,37,0,3,1,0,11,4,0,63,2704,0,281,24,25,15,17,0,0,0,0
"1002",1002,1,2,0,16,8,23,0,42,0,3,1,0,12,3,0,64,3166,0,323,11,0,16,26,0,7,0,1
